data_doi	work_doi
10.5883/ds-070222	10.3390/d14030182
10.5883/ds-10flr	10.1038/s41598-021-95147-8
10.5883/ds-1495	10.17352/aha.000002
10.5883/ds-188pslq	10.3389/fevo.2021.775414
10.5883/ds-2016adod	10.1371/journal.pone.0148033
10.5883/ds-2018pop	10.1111/jbi.13546
10.5883/ds-2020rheo	10.1002/ece3.7979
10.5883/ds-2020tach	10.1111/ddi.13209
10.5883/ds-2023rheo	10.1002/arch.22060
10.5883/ds-260324	10.3389/fevo.2024.1416418
10.5883/ds-306223	10.3389/fmars.2021.723328
10.5883/ds-3150	10.1038/s41598-017-15823-6
10.5883/ds-3150	10.1139/gen-2015-0220
10.5883/ds-3150	10.1016/j.marenvres.2024.106660
10.5883/ds-3150	10.1101/2024.01.25.577180
10.5883/ds-3gelechi	10.18473/lepi.v68i2.a4
10.5883/ds-56788	10.1016/j.isci.2021.102239
10.5883/ds-5flr	10.1038/s41598-021-95147-8
10.5883/ds-5mauihyp	10.5281/zenodo.8159765
10.5883/ds-633mf8	10.3897/bdj.4.e10671
10.5883/ds-765mfbay	10.3897/bdj.4.e10671
10.5883/ds-771988	10.1111/1755-0998.12384
10.5883/ds-8669	10.1098/rsos.150623
10.5883/ds-aabars	10.1093/auk/uky003
10.5883/ds-aater	10.13133/2284-4880/308
10.5883/ds-abarcode	10.1371/journal.pone.0167203
10.5883/ds-abla	10.3390/d11090173
10.5883/ds-abskma	10.3161/150811013x678937
10.5883/ds-acgag1	10.1111/btp.12882
10.5883/ds-acgbra	10.3390/d16110683
10.5883/ds-acgich	10.3390/d16110683
10.5883/ds-acgmes	10.3390/d16110683
10.5883/ds-achn	10.1080/09670262.2017.1283540
10.5883/ds-achro	10.37828/em.2022.59.3
10.5883/ds-adaac	10.12681/mms.34474
10.5883/ds-adelcal	10.13133/2284-4880/1326
10.5883/ds-admrip	10.14411/eje.2017.023
10.5883/ds-adnba	10.1656/045.027.0316
10.5883/ds-adpzo	10.12681/mms.34474
10.5883/ds-aethina	10.1002/ps.5141
10.5883/ds-afish	10.1371/journal.pone.0268694
10.5883/ds-afropict	10.11646/zootaxa.4208.2.3
10.5883/ds-afroprio	10.3897/bdj.9.e64499
10.5883/ds-agaks	10.22541/au.170664765.55770723/v1
10.5883/ds-agari24	10.1007/s11557-024-02011-w
10.5883/ds-agarist	10.7717/peerj.11613
10.5883/ds-aghuzsk	10.3897/zookeys.1212.130039
10.5883/ds-agonocha	10.11646/zootaxa.4300.4.1
10.5883/ds-agriades	10.1111/icad.12771
10.5883/ds-agrilus1	10.1017/S0007485318000330
10.5883/ds-agromit	10.3897/zookeys.1083.76651
10.5883/ds-ajhipp	10.1016/j.exppara.2023.108652
10.5883/ds-aknewrec	10.4289/0013-8797.124.1.131
10.5883/ds-alanchir	10.7717/peerj.15336
10.5883/ds-albbru	10.1111/epp.13019
10.5883/ds-alberu	10.1111/epp.12946
10.5883/ds-aleo2020	10.3897/zookeys.1041.64460
10.5883/ds-alexthai	10.1163/1876312x-00002183
10.5883/ds-alittaw	10.1080/24750263.2023.2269199
10.5883/ds-allocan	10.3897/nl.43.48404
10.5883/ds-allrev	10.1155/2023/5479917
10.5883/ds-alpapenn	10.1111/mec.15795
10.5883/ds-alphomel	10.3897/zookeys.1175.105068
10.5883/ds-alphyl	10.1111/syen.12529
10.5883/ds-alwdrhub	10.22621/cfn.v135i2.2489
10.5883/ds-alyapec	10.1080/24750263.2023.2269199
10.5883/ds-ambc22	10.1504/IJBRA.2024.138710
10.5883/ds-ameiurua	10.1111/jfb.15778
10.5883/ds-amphikuk	10.1016/j.pocean.2019.102184
10.5883/ds-ampia	10.3897/zookeys.731.19931
10.5883/ds-amsco3	10.18590/euscorpius.2016.vol2016.iss216.1
10.5883/ds-anacamp	10.57065/shilap.1023
10.5883/ds-andwmed	10.3897/jhr.96.101873
10.5883/ds-anemax	10.18968/hattoria.14.0_67
10.5883/ds-anguilla	10.3390/d13050193
10.5883/ds-anic1a	10.1371/journal.pone.0068535
10.5883/ds-anic1b	10.1371/journal.pone.0068535
10.5883/ds-antcor	10.14411/eje.2020.046
10.5883/ds-antirei	10.13133/2284-4880/225
10.5883/ds-antisin	10.3897/zookeys.686.13680
10.5883/ds-antitr	10.3897/nl.41.22264
10.5883/ds-antivit	10.3897/zookeys.744.22421
10.5883/ds-antmit	10.3390/genes14030606
10.5883/ds-antsp	10.1139/gen-2015-0194
10.5883/ds-anzcm4	10.1016/j.dsr.2020.103323
10.5883/ds-aoi16all	10.1002/ece3.3549
10.5883/ds-aoi16pub	10.1002/ece3.3549
10.5883/ds-apaidia	10.11646/zootaxa.5343.2.5
10.5883/ds-apleu	10.1186/s12862-024-02294-3
10.5883/ds-apopl	10.1002/iroh.202002062
10.5883/ds-aporia	10.1038/s41598-020-70957-4
10.5883/ds-arbolm	10.3390/f14030641
10.5883/ds-archedon	10.11646/zootaxa.4743.2.10
10.5883/ds-arctchir	10.1139/gen-2018-0100
10.5883/ds-armi	10.5852/ejt.2024.925.2459
10.5883/ds-arms1617	10.1371/journal.pone.0301837
10.5883/ds-armyantp	10.1111/mec.15078
10.5883/ds-asacg2	10.1111/j.1600-0587.2013.00631.x
10.5883/ds-asacg2	10.1111/btp.12882
10.5883/ds-asadii	10.61186/jibs.10.3.431
10.5883/ds-asalgonq	10.1371/journal.pone.0178568
10.5883/ds-asameta	10.3897/bdj.3.e5039
10.5883/ds-asanot	10.3390/d16080441
10.5883/ds-asaph	10.1093/ee/nvx176
10.5883/ds-asaphel	10.11646/zootaxa.4000.1.3
10.5883/ds-aschorot	10.3897/bdj.8.e48907
10.5883/ds-ascordy	10.3897/bdj.2.e4174
10.5883/ds-ascos	10.1653/024.096.0431
10.5883/ds-ascreagr	10.3897/bdj.10.e91486
10.5883/ds-asdolich	10.3897/zookeys.835.33440
10.5883/ds-aseryth	10.3897/bdj.4.e7386
10.5883/ds-ashypo	10.1111/icad.12118
10.5883/ds-ashypo	10.13023/ETD.2016.110
10.5883/ds-asicon1	10.3897/zookeys.321.5160
10.5883/ds-asilo	10.3897/bdj.11.e100677
10.5883/ds-asitaple	10.3897/bdj.3.e4596
10.5883/ds-asmetapl	10.3897/bdj.9.e68598
10.5883/ds-asnbpar	10.32942/osf.io/mdua8
10.5883/ds-asphoc	10.3897/bdj.5.e10967
10.5883/ds-aspil	10.3897/zookeys.957.53908
10.5883/ds-aspse	10.3897/zookeys.446.8195
10.5883/ds-asspider	10.1111/btp.12874
10.5883/ds-asstaphy	10.3390/d16080441
10.5883/ds-asstaphy	10.1111/ecog.05427
10.5883/ds-asteroid	10.1111/ivb.12303
10.5883/ds-astris	10.3897/bdj.7.e29130
10.5883/ds-asub	10.13102/sociobiology.v66i3.3660
10.5883/ds-asvibri	10.3897/bdj.5.e10967
10.5883/ds-asvoria	10.3897/bdj.5.e20123
10.5883/ds-aszelo	10.3897/dez.66.34683
10.5883/ds-atbib	10.1038/s41597-019-0320-2
10.5883/ds-atlantid	10.1186/s12862-020-01682-9
10.5883/ds-atlas	10.1111/geb.13579
10.5883/ds-atlasnab	10.1371/journal.pone.0300811
10.5883/ds-attineng	10.1038/s41559-020-01314-x
10.5883/ds-aucet	10.7717/peerj.9348
10.5883/ds-auhemi01	10.1038/srep37746
10.5883/ds-auricoi	10.3897/zookeys.950.50669
10.5883/ds-ausddp	10.1038/s41597-025-04375-4
10.5883/ds-ausddp	10.1038/s41597-025-04375-4
10.5883/ds-ausim	10.1139/gen-2015-0168
10.5883/ds-auspsil	10.22215/etd/2018-12969
10.5883/ds-auspsil	10.11646/ZOOTAXA.4737.1.1
10.5883/ds-ausptoid	10.1111/1755-0998.13435
10.5883/ds-autonsp	10.3897/zookeys.1031.56035
10.5883/ds-avaritia	10.12834/VetIt.515.2463.2
10.5883/ds-avesna1	10.1371/journal.pone.0116612
10.5883/ds-avesnt1	10.1371/journal.pone.0116612
10.5883/ds-baago	10.3897/dez.67.56163
10.5883/ds-baama	10.3897/zookeys.759.24129
10.5883/ds-babem	10.3897/zookeys.592.8316
10.5883/ds-bacalar	10.3390/d17010058
10.5883/ds-bacspn1	10.1111/syen.12616
10.5883/ds-bacta	10.1163/1876312x-00002205
10.5883/ds-bahartr2	10.1038/s41586-019-1264-6
10.5883/ds-bahce	10.7717/peerj.4577
10.5883/ds-bahce	10.7717/peerj.4577
10.5883/ds-balhyd	10.37828/em.2024.74.2
10.5883/ds-balhyd	10.37828/em.2024.74.8
10.5883/ds-balonch	10.1016/j.asd.2023.101285
10.5883/ds-bang01	10.3897/zookeys.876.38096
10.5883/ds-bangial1	10.3390/d15050677
10.5883/ds-bapte	10.3897/zookeys.980.55979
10.5883/ds-barbonym	10.3390/d13070283
10.5883/ds-barbonym	10.26028/cybium/2024-017
10.5883/ds-barbonym	10.1007/978-1-0716-3581-0_3
10.5883/ds-barmoc	10.1111/mec.15292
10.5883/ds-barmoc	10.1111/mec.15292
10.5883/ds-baskaan	10.3390/d13070292
10.5883/ds-baskaan	10.20944/preprints202106.0535.v1
10.5883/ds-bathkkt	10.1016/j.pocean.2018.12.012
10.5883/ds-batrapin	10.3897/zookeys.1085.76853
10.5883/ds-bcahf	10.1371/journal.pone.0229353
10.5883/ds-bcfor	10.1111/1556-4029.13869
10.5883/ds-bchry18	10.7717/peerj.5811
10.5883/ds-bciarth	10.1002/edn3.540
10.5883/ds-bcisat	10.1002/ece3.3515
10.5883/ds-bcisp	10.1111/ele.13359
10.5883/ds-bcisp	10.1111/oik.08152
10.5883/ds-bcoul	10.14411/eje.2020.052
10.5883/ds-bcwbs16s	10.3897/bdj.12.e137540
10.5883/ds-beecoi	10.1038/s41598-021-83631-0
10.5883/ds-beeire1	10.1371/journal.pone.0116612
10.5883/ds-betuleaf	10.1134/s0013873817020051
10.5883/ds-betuleaf	10.1134/s0013873818010074
10.5883/ds-bfdbr	10.1093/jme/tjy045
10.5883/ds-bfieg	10.1111/jai.13389
10.5883/ds-bfnwarn	10.1111/1755-0998.13212
10.5883/ds-bfseg	10.3897/bdj.11.e105111
10.5883/ds-bgepl01	10.3897/zookeys.1217.131730
10.5883/ds-bgepl03	10.37828/em.2024.80.19
10.5883/ds-biblio	10.1139/gen-2016-0009
10.5883/ds-bifmu	10.1111/eva.12926
10.5883/ds-bifra	10.1038/s41598-020-59544-9
10.5883/ds-bifra	10.1111/jbi.14141
10.5883/ds-binfl	10.1038/s41598-021-95147-8
10.5883/ds-binis	10.3389/fmars.2025.1522723
10.5883/ds-bisce	10.3897/zookeys.1082.69851
10.5883/ds-bkkub	10.3897/bdj.8.e56317
10.5883/ds-bmfamb	10.1002/ece3.6128
10.5883/ds-bmsb	10.1186/s12863-021-00961-8
10.5883/ds-bofcr	10.1111/1365-2435.13666
10.5883/ds-bolma	10.5852/ejt.2017.288
10.5883/ds-boreus	10.7717/peerj.11424
10.5883/ds-brachiop	10.3390/d11010002
10.5883/ds-brdnt	10.1101/2023.03.09.531929
10.5883/ds-brown	10.1515/bot-2021-0038
10.5883/ds-brp1	10.1016/j.gecco.2023.e02719
10.5883/ds-bslfw	10.1515/dna-2015-0005
10.5883/ds-bsmca	10.11646/zootaxa.3936.1.5
10.5883/ds-buneacar	10.1371/journal.pone.0186845
10.5883/ds-buneacar	10.1371/journal.pone.0186845
10.5883/ds-buneacar	10.1101/2020.12.10.420281
10.5883/ds-buneacar	10.1109/CIBCB49929.2021.9562838
10.5883/ds-buneacar	10.1111/1755-0998.13441
10.5883/ds-bwmc	10.22621/cfn.v128i1.1554
10.5883/ds-bwpst	10.1111/1755-0998.13212
10.5883/ds-bwpst	10.5282/edoc.27000
10.5883/ds-byrrhneg	10.3897/zookeys.1070.70531
10.5883/ds-cabamofa	10.11646/zootaxa.5182.3.7
10.5883/ds-cahetabs	10.11646/zootaxa.4039.2.3
10.5883/ds-calinhm	10.1371/journal.pone.0305825
10.5883/ds-call2017	10.5852/ejt.2018.404
10.5883/ds-callinea	10.11646/zootaxa.4226.3.1
10.5883/ds-callisto	10.3897/zookeys.473.8543
10.5883/ds-cambrins	10.1002/ecm.1637
10.5883/ds-camrus	10.3390/insects14020117
10.5883/ds-cangibel	10.3391/bir.2024.13.2.15
10.5883/ds-cannoc1	10.1371/journal.pone.0092797
10.5883/ds-cannoc2	10.1371/journal.pone.0092797
10.5883/ds-caralt	10.37520/aemnp.2020.004
10.5883/ds-carbg	10.3354/meps11424
10.5883/ds-carepro	10.5670/oceanog.2015.64
10.5883/ds-carfir	10.1111/ivb.12395
10.5883/ds-carmt	10.5252/zoosystema-2024v46a17
10.5883/ds-carmt	10.1016/j.soilbio.2023.109038
10.5883/ds-carpbond	10.3897/nl.46.90182
10.5883/ds-carytric	10.3897/zookeys.1103.83952
10.5883/ds-catapch	10.11646/zootaxa.4205.3.4
10.5883/ds-cats1	10.1371/journal.pone.0222119
10.5883/ds-cayolle	10.3897/zookeys.586.8375
10.5883/ds-cazul01	10.4081/jlimnol.2018.1746
10.5883/ds-cbih2020	10.1371/journal.pone.0277379
10.5883/ds-cbih2020	10.1101/2022.10.26.513939
10.5883/ds-ccz1	10.21203/rs.3.rs-5792111/v1
10.5883/ds-ccz1	10.5194/bg-17-1845-2020
10.5883/ds-ccz2	10.1007/s12526-022-01284-2
10.5883/ds-ccz4	10.3389/fmars.2021.663798
10.5883/ds-cczothol	10.3389/fmars.2023.1056282
10.5883/ds-cdiptera	10.1101/2024.03.27.586819
10.5883/ds-cepne	10.1139/cjz-2018-0084
10.5883/ds-cerapkr	10.5852/ejt.2023.864.2095
10.5883/ds-cerurafr	10.1093/isd/ixae029
10.5883/ds-cffb	10.1007/s10530-017-1532-z
10.5883/ds-cgarpol	10.1051/kmae/2020009
10.5883/ds-chars	10.3390/insects11010046
10.5883/ds-chbal	10.1111/ddi.13504
10.5883/ds-chedge	10.1007/s00300-019-02471-x
10.5883/ds-chirsv	10.3390/insects11030183
10.5883/ds-cho1512a	10.11646/zootaxa.5219.2.8
10.5883/ds-chrysea	10.37828/em.2023.67.1
10.5883/ds-chryseur	10.3390/insects15110850
10.5883/ds-chrysoru	10.3390/insects14070642
10.5883/ds-chsex	10.3897/nl.48.137778
10.5883/ds-chver	10.7717/peerj.16285
10.5883/ds-cimap	10.3389/fpls.2018.00283
10.5883/ds-ciua01	10.3897/bdj.10.e65981
10.5883/ds-clace	10.1111/1744-7917.13254
10.5883/ds-clogmia	10.1093/jtm/taz081
10.5883/ds-cnepeta	10.57065/shilap.651
10.5883/ds-cnepeta	10.3897/zookeys.459.7983
10.5883/ds-cnespel	10.11646/zootaxa.4341.1.7
10.5883/ds-cochy	10.1002/ece3.10612
10.5883/ds-coelopoe	10.11646/zootaxa.5458.3.3
10.5883/ds-coenosia	10.5377/ceiba.v55i1.5456
10.5883/ds-coiech	10.1371/journal.pone.0166118
10.5883/ds-coimol	10.1371/journal.pone.0095003
10.5883/ds-coipop	10.1093/mollus/eyv056
10.5883/ds-colatlan	10.1111/ivb.12395
10.5883/ds-colbyger	10.1111/1755-0998.12354
10.5883/ds-colbyger	10.1002/ece3.9650
10.5883/ds-colchu	10.1186/1472-6785-13-40
10.5883/ds-coleof	10.1016/j.japb.2019.10.001
10.5883/ds-collmal	10.3897/mbmg.4.58572
10.5883/ds-colmor	10.11646/zootaxa.5374.2.1
10.5883/ds-colorrun	10.1080/24701394.2017.1383406
10.5883/ds-colpoe	10.11646/zootaxa.4429.2.8
10.5883/ds-colsapro	10.3389/fevo.2019.00495
10.5883/ds-colsep	10.57065/shilap.929
10.5883/ds-coptorus	10.5281/ZENODO.13442550
10.5883/ds-corg	10.1111/jfb.12922
10.5883/ds-corhyd	10.1080/01647954.2022.2086619
10.5883/ds-corhyd	10.3897/zookeys.1217.131730
10.5883/ds-cory001	10.5324/cjcr.v0i35.4596
10.5883/ds-cratmono	10.3897/phytokeys.36.6784
10.5883/ds-craylux	10.1038/s41598-022-10545-w
10.5883/ds-crcb	10.1038/s41598-017-14887-8
10.5883/ds-creph	10.3398/064.079.0101
10.5883/ds-crns	10.1371/journal.pone.0139421
10.5883/ds-cropl	10.7717/peerj.13213
10.5883/ds-croplm	10.3897/bdj.12.e121398
10.5883/ds-crops	10.1038/s41598-022-26298-5
10.5883/ds-crpex	10.1093/jisesa/iex075
10.5883/ds-crst	10.3897/zookeys.539.6530
10.5883/ds-crtet	10.3390/d17030190
10.5883/ds-crtri	10.7717/peerj.4221
10.5883/ds-crustace	10.11646/zootaxa.5227.3.3
10.5883/ds-crustace	10.3897/bdj.8.e47333
10.5883/ds-crustace	10.11646/zootaxa.5277.2.7
10.5883/ds-crypthi	10.2984/78.2.1
10.5883/ds-csan2014	10.1016/j.vetpar.2016.09.012
10.5883/ds-csan2014	10.1016/j.vetpar.2016.09.012
10.5883/ds-ctenscia	10.3897/bdj.4.e6460
10.5883/ds-ctgheper	10.1016/j.micres.2021.126811
10.5883/ds-ctrmend	10.1016/j.micres.2020.126413
10.5883/ds-cubar	10.1111/mec.16540
10.5883/ds-culin	10.1186/s13071-016-1722-z
10.5883/ds-culs2021	10.3390/insects12050401
10.5883/ds-culspain	10.1186/s13071-022-05297-5
10.5883/ds-cumg2021	10.1186/s12864-022-08743-x
10.5883/ds-cupid	10.1111/mec.15682
10.5883/ds-cursa1	10.3897/bdj.9.e66452
10.5883/ds-cusbv	10.1186/s13071-018-2650-x
10.5883/ds-cxb1	10.1111/1744-7917.13254
10.5883/ds-cxb1	10.3389/fevo.2021.778686
10.5883/ds-cxmd	10.1111/mve.12412
10.5883/ds-cxpin	10.1089/vbz.2021.0034
10.5883/ds-czdipsna	10.1111/icad.12335
10.5883/ds-dac002	10.1111/1755-0998.13987
10.5883/ds-dacanc	10.3897/zookeys.795.29140
10.5883/ds-daccoi	10.3897/zookeys.1057.68375
10.5883/ds-dacsu	10.3897/zookeys.973.55327
10.5883/ds-dadb	10.1101/2020.09.18.268888
10.5883/ds-dais	10.1007/s10530-017-1532-z
10.5883/ds-dbaba	10.1111/1755-0998.12648
10.5883/ds-dbisw	10.1101/2020.08.30.274456
10.5883/ds-dbmc	10.3897/zookeys.1229.129123
10.5883/ds-dcarinat	10.1007/s10750-016-2702-1
10.5883/ds-dccpc	10.1038/s41598-022-15442-w
10.5883/ds-dctrich	10.1093/zoolinnean/zlad010
10.5883/ds-dea1	10.5194/bg-17-1845-2020
10.5883/ds-deblpsen	10.3897/dez.71.117640
10.5883/ds-deca01	10.3390/d14080649
10.5883/ds-deepiso	10.1007/s13127-021-00509-9
10.5883/ds-deeur324	10.11646/zootaxa.3986.1.5
10.5883/ds-deeur330	10.3897/zookeys.684.13383
10.5883/ds-delorh	10.1080/00222933.2022.2157346
10.5883/ds-depress2	10.37520/aemnp.2020.013
10.5883/ds-depress3	10.37520/aemnp.2020.013
10.5883/ds-deutalg	10.11646/zootaxa.3920.2.4
10.5883/ds-deverno1	10.11646/zootaxa.4500.3.4
10.5883/ds-deverno2	10.11646/zootaxa.4500.3.4
10.5883/ds-dhaemoba	10.3897/neobiota.57.46699
10.5883/ds-didi	10.1111/ddi.12610
10.5883/ds-didyma	10.1098/rspb.2019.1311
10.5883/ds-diks	10.1080/24750263.2021.2018056
10.5883/ds-dinablat	10.1080/24750263.2023.2216710
10.5883/ds-dipbfgbl	10.1111/1755-0998.13022
10.5883/ds-diptpl	10.3390/insects12040302
10.5883/ds-disphae	10.13133/2284-4880/174
10.5883/ds-dispi	10.11646/zootaxa.3963.4.3
10.5883/ds-docodent	10.3897/zookeys.549.6925
10.5883/ds-doligele	10.3897/jhr.88.75279
10.5883/ds-dpnc	10.1111/1755-0998.13797
10.5883/ds-dpoc	10.3752/cjai.2016.29
10.5883/ds-dpscs1	10.1111/1755-0998.12718
10.5883/ds-dropar	10.1111/1755-0998.13435
10.5883/ds-dryloja	10.7818/ECOS.2016.25-2.09
10.5883/ds-dryloja	10.13102/sociobiology.v63i3.1044
10.5883/ds-drynew	10.3897/zookeys.1024.60393
10.5883/ds-dscha	10.1371/journal.pone.0099546
10.5883/ds-dtalepia	10.15560/19.4.589
10.5883/ds-dtppa	10.3897/zookeys.1208.124495
10.5883/ds-dynamene	10.1111/mec.15052
10.5883/ds-eanao	10.1371/journal.pone.0154363
10.5883/ds-ebacalar	10.1371/journal.pone.0215505
10.5883/ds-ebacamph	10.3390/d13070292
10.5883/ds-ebacamph	10.1371/journal.pone.0215505
10.5883/ds-ebacamph	10.20944/preprints202106.0535.v1
10.5883/ds-ebacaves	10.3390/d13070292
10.5883/ds-ebacaves	10.1371/journal.pone.0215505
10.5883/ds-ebacaves	10.20944/preprints202106.0535.v1
10.5883/ds-ebacmamm	10.3390/d13070292
10.5883/ds-ebacmamm	10.1371/journal.pone.0215505
10.5883/ds-ebacmamm	10.20944/preprints202106.0535.v1
10.5883/ds-ebacrept	10.3390/d13070292
10.5883/ds-ebacrept	10.1371/journal.pone.0215505
10.5883/ds-ebacrept	10.20944/preprints202106.0535.v1
10.5883/ds-ebbar	10.1371/journal.pone.0268694
10.5883/ds-eber	10.1051/kmae/2020038
10.5883/ds-eblf	10.1038/s41597-023-02742-7
10.5883/ds-ebptych	10.21805/bzn.v72i4.a15
10.5883/ds-eccstage	10.1101/2019.12.11.873034
10.5883/ds-echinoid	10.1111/ivb.12292
10.5883/ds-echiura	10.1111/ivb.12311
10.5883/ds-echndadu	10.1111/ivb.12292
10.5883/ds-ecpatia	10.11646/zootaxa.4609.3.11
10.5883/ds-ectddrad	10.1111/syen.12579
10.5883/ds-ecua	10.1371/journal.pone.0150327
10.5883/ds-eidoasma	10.3897/zookeys.959.54259
10.5883/ds-elabif	10.1038/srep02901
10.5883/ds-elacdimi	10.3897/zookeys.1212.126598
10.5883/ds-eladis	10.1111/1755-0998.12361
10.5883/ds-eleo	10.2984/75.4.2
10.5883/ds-elmanc01	10.3897/zookeys.912.47796
10.5883/ds-elmhexan	10.3897/zookeys.838.33086
10.5883/ds-elmnebli	10.11646/zootaxa.4286.2.2
10.5883/ds-elmonych	10.5852/ejt.2021.739.1263
10.5883/ds-emauch0	10.1371/journal.pone.0101385
10.5883/ds-emauch1	10.1371/journal.pone.0101385
10.5883/ds-epamca	10.57065/shilap.462
10.5883/ds-epandro	10.1111/icad.12538
10.5883/ds-eperchae	10.15560/19.2.155
10.5883/ds-epho	10.1371/journal.pone.0268694
10.5883/ds-epiori	10.1093/biolinnean/bly182
10.5883/ds-episyr	10.11646/zootaxa.3683.1.3
10.5883/ds-epitheri	10.11646/zootaxa.4980.1.2
10.5883/ds-eptnzni	10.1002/ece3.71084
10.5883/ds-eptnzni	10.1139/gen-2022-0021
10.5883/ds-eriyy	10.1111/1755-0998.13599
10.5883/ds-eriyy	10.3390/insects13050431
10.5883/ds-esinjovi	10.11646/zootaxa.5039.2.7
10.5883/ds-etaarb	10.3897/zookeys.1193.116982
10.5883/ds-eucaswoi	10.1007/s42690-023-01130-3
10.5883/ds-eudar	10.11646/zootaxa.4446.1.8
10.5883/ds-eugenmap	10.1038/s42003-021-01834-7
10.5883/ds-eugenmap	10.1111/mec.15981
10.5883/ds-eugraci2	10.3389/fevo.2021.626752
10.5883/ds-euhyd	10.1016/j.jglr.2024.102344
10.5883/ds-euiphi	10.1038/srep12395
10.5883/ds-eumicro	10.5670/oceanog.2015.64
10.5883/ds-eupcav	10.3897/bdj.1.e1013
10.5883/ds-eupconte	10.1111/jzs.12568
10.5883/ds-eurofish	10.1111/jfb.13169
10.5883/ds-euwill	10.1007/s00442-024-05569-0
10.5883/ds-ewcham	10.1016/j.ejsobi.2023.103477
10.5883/ds-ewcors	10.5252/zoosystema2022v44a17
10.5883/ds-ewfg	10.1016/j.apsoil.2021.103932
10.5883/ds-ewfg2022	10.3390/d14100866
10.5883/ds-ewfg2023	10.25674/414
10.5883/ds-ewfg2023	10.1111/ecog.07697
10.5883/ds-ewfg2023	10.1101/2024.10.12.617983
10.5883/ds-ewfg2024	10.1111/ecog.07697
10.5883/ds-ewmitk	10.5252/zoosystema2024v46a9
10.5883/ds-ewmtp	10.1016/j.ejsobi.2024.103620
10.5883/ds-ewnrl	10.1016/j.apsoil.2017.11.001
10.5883/ds-ewnspnwf	10.1093/zoolinnean/zlad002
10.5883/ds-ewnspsg	10.5252/zoosystema2023v45a23
10.5883/ds-ewsont	10.1016/j.ejsobi.2024.103655
10.5883/ds-ewsppcnp	10.5852/ejt.2020.701
10.5883/ds-ewtpi	10.1016/j.scitotenv.2023.165087
10.5883/ds-expin23	10.1111/jpy.13486
10.5883/ds-fabphyl	10.3897/zookeys.835.33166
10.5883/ds-faw2020	10.1016/j.aspen.2020.11.013
10.5883/ds-fbcol	10.1371/journal.pone.0108651
10.5883/ds-fbi2019	10.1371/journal.pone.0231814
10.5883/ds-fbpl1	10.3390/plants10122741
10.5883/ds-fcprot	10.1038/srep35275
10.5883/ds-ferg	10.18473/lepi.76i1.a1
10.5883/ds-fffcc00	10.1002/ece3.10475
10.5883/ds-ffliesrc	10.1080/23766808.2020.1845009
10.5883/ds-filepro	10.1038/srep35275
10.5883/ds-finhippo	10.1371/journal.pone.0247698
10.5883/ds-finpro	10.3390/insects13020147
10.5883/ds-finpro	10.1111/1755-0998.13510
10.5883/ds-fishaus1	10.1371/journal.pone.0116612
10.5883/ds-fishcan1	10.1371/journal.pone.0116612
10.5883/ds-fissi	10.1007/s12526-024-01481-1
10.5883/ds-flyp	10.3390/d13110513
10.5883/ds-fmpm	10.1016/j.scitotenv.2016.07.098
10.5883/ds-fossmg	10.1080/03736687.2020.1792672
10.5883/ds-frauenf	10.1111/syen.12559
10.5883/ds-fvlep	10.1371/journal.pone.0115774
10.5883/ds-gadids	10.5670/oceanog.2015.64
10.5883/ds-gaeg	10.1038/s41598-020-75802-2
10.5883/ds-gamarm	10.3390/w15193490
10.5883/ds-gamncarp	10.1038/s41598-021-00320-8
10.5883/ds-gbapi	10.1111/1755-0998.13013
10.5883/ds-gbapi	10.1111/1755-0998.12363
10.5883/ds-gbapi	10.1111/1755-0998.12363
10.5883/ds-gbaps	10.1111/1755-0998.12363
10.5883/ds-gbbwa	10.1002/ece3.7535
10.5883/ds-gbceci1	10.5852/ejt.2024.953.2649
10.5883/ds-gbgast	10.3897/zookeys.1189.114478
10.5883/ds-gbolara	10.1371/journal.pone.0162624
10.5883/ds-gbolfish	10.1371/journal.pone.0244598
10.5883/ds-gbolmzb	10.1371/journal.pone.0244598
10.5883/ds-gbolonch	10.3897/contrib.entomol.74.e127094
10.5883/ds-gbpss	10.1002/ece3.8088
10.5883/ds-gbveoce	10.3897/zookeys.1062.70763
10.5883/ds-gcolzfmk	10.1002/ece3.9650
10.5883/ds-gcolzfmk	10.1111/2041-210X.12824
10.5883/ds-gdwms	10.1002/ece3.8220
10.5883/ds-gea1	10.1002/ece3.6733
10.5883/ds-gelecheu	10.57065/shilap.245
10.5883/ds-gelecheu	10.3897/zookeys.921.49197
10.5883/ds-gelecheu	10.3897/zookeys.921.49199
10.5883/ds-geleela	10.1371/journal.pone.0122481
10.5883/ds-geobav1	10.1371/journal.pone.0116612
10.5883/ds-geochina	10.1016/j.foreco.2016.04.054
10.5883/ds-geoco	10.3897/bdj.9.e68693
10.5883/ds-geoeu1	10.1371/journal.pone.0084518
10.5883/ds-geotypes	10.1139/gen-2015-0197
10.5883/ds-gereetye	10.11646/zootaxa.4065.1.1
10.5883/ds-gerept	10.1111/1755-0998.12683
10.5883/ds-gerfwf	10.1111/1755-0998.12322
10.5883/ds-ggsn	10.11158/saa.27.2.2
10.5883/ds-gkg001	10.5194/bg-17-865-2020
10.5883/ds-gmpc1	10.1038/s41597-019-0320-2
10.5883/ds-gmpc2	10.1038/s41597-019-0320-2
10.5883/ds-gmtger	10.3897/bdj.4.e10671
10.5883/ds-gmtindo1	10.1371/journal.pone.0290173
10.5883/ds-gmtindo2	10.1371/journal.pone.0290173
10.5883/ds-gmtpq1	10.1371/journal.pone.0267390
10.5883/ds-gmtpq1	10.1371/journal.pone.0267390
10.5883/ds-gmtpq2	10.1371/journal.pone.0267390
10.5883/ds-gnophops	10.11646/zootaxa.4169.3.2
10.5883/ds-goncolom	10.31184/g00138894.734.1872
10.5883/ds-grac3	10.11646/ZOOTAXA.3957.4.2
10.5883/ds-gracom	10.25221/kurentzov.30.4
10.5883/ds-graneo	10.1111/aen.12439
10.5883/ds-graneo	10.3897/zookeys.996.53958
10.5883/ds-grano1	10.1111/1755-0998.12178
10.5883/ds-grapholi	10.1111/cla.12543
10.5883/ds-graphoru	10.1080/00379271.2023.2222026
10.5883/ds-grarfe	10.25221/kurentzov.30.4
10.5883/ds-grasib	10.1134/S0367144519030109
10.5883/ds-grasib	10.1134/S0013873819060083
10.5883/ds-grbardoi	10.1073/pnas.1316990111
10.5883/ds-greeanim	10.1111/1755-0998.12489
10.5883/ds-greeplan	10.1111/1755-0998.12489
10.5883/ds-grisl1	10.1002/ece3.1580
10.5883/ds-grmapdoi	10.1073/pnas.1316990111
10.5883/ds-groeeur	10.1038/s41598-020-75568-7
10.5883/ds-grslo	10.3390/d14100811
10.5883/ds-gspa	10.1371/journal.pone.0117201
10.5883/ds-gym2020	10.1111/syen.12450
10.5883/ds-gymgb	10.11646/zootaxa.3948.2.7
10.5883/ds-gymne	10.5670/oceanog.2015.64
10.5883/ds-gymno	10.3897/zookeys.508.9874
10.5883/ds-gynandro	10.3956/2017-93.2.95
10.5883/ds-habpol	10.1111/njb.02401
10.5883/ds-hack2019	10.1101/2021.03.07.434272
10.5883/ds-hack2019	10.3897/mbmg.5.67862
10.5883/ds-halirage	10.5852/ejt.2024.930.2487
10.5883/ds-haplb	10.1111/mec.16234
10.5883/ds-haplb	10.3389/fmars.2021.795196
10.5883/ds-hcatl	10.3389/fmars.2023.1275320
10.5883/ds-hclit	10.3389/fmars.2023.1275320
10.5883/ds-hcsem	10.3389/fmars.2023.1275320
10.5883/ds-hdms	10.1101/2024.12.02.626394
10.5883/ds-he19ct	10.1016/j.funbio.2023.10.002
10.5883/ds-hecalib	10.1371/journal.pone.0125635
10.5883/ds-hecalib	10.1007/978-1-0716-3581-0_26
10.5883/ds-hecamain	10.1371/journal.pone.0125635
10.5883/ds-hecamn1	10.1371/journal.pone.0125635
10.5883/ds-hecanew	10.1371/journal.pone.0125635
10.5883/ds-hecanew1	10.1371/journal.pone.0125635
10.5883/ds-hecatax	10.1371/journal.pone.0125635
10.5883/ds-hecaten	10.1371/journal.pone.0125635
10.5883/ds-heliphyl	10.1016/j.ympev.2017.12.004
10.5883/ds-hemichor	10.1111/ivb.12273
10.5883/ds-hemimarl	10.3853/j.2201-4349.74.2022.1796
10.5883/ds-herbphyl	10.1038/s41598-022-08894-7
10.5883/ds-hermcoi	10.1139/facets-2017-0060
10.5883/ds-herpger	10.1111/1755-0998.12416
10.5883/ds-hesppar	10.1093/zoolinnean/zlac052
10.5883/ds-hespparb	10.1093/zoolinnean/zlac052
10.5883/ds-hetger	10.1371/journal.pone.0106940
10.5883/ds-hetspp	10.5852/ejt.2017.385
10.5883/ds-heusden	10.1111/zsc.12280
10.5883/ds-histerpy	10.1038/s41598-023-45692-1
10.5883/ds-hmacris	10.1080/24750263.2025.2455615
10.5883/ds-hmrd	10.1371/journal.pone.0163596
10.5883/ds-hoffyunn	10.1016/j.aspen.2022.101989
10.5883/ds-holocac	10.3897/zookeys.507.9536
10.5883/ds-hotus	10.1111/1755-0998.12233
10.5883/ds-hq2022mr	10.1111/syen.12565
10.5883/ds-hyalidne	10.1111/zsc.12339
10.5883/ds-hybwa	10.1676/1559-4491-128.3.624
10.5883/ds-hylcors	10.32475/bsef_2299
10.5883/ds-hywms	10.1111/1755-0998.12517
10.5883/ds-iaast	10.3897/bdj.11.e110428
10.5883/ds-iacir	10.1007/s12526-025-01509-0
10.5883/ds-iacir	10.6620/zs.2024.63-25
10.5883/ds-iaorr	10.3390/d14050358
10.5883/ds-ias2022	10.1371/journal.pone.0290036
10.5883/ds-iberaflo	10.1093/ornithapp/duab059
10.5883/ds-iberebid	10.3897/bdj.5.e19840
10.5883/ds-ibeur	10.1038/srep12395
10.5883/ds-ibich	10.3897/bdj.8.e54479
10.5883/ds-ibidp01	10.3897/bdj.8.e49985
10.5883/ds-ibidp02	10.3897/bdj.9.e69841
10.5883/ds-ibihp01	10.3897/bdj.9.e65314
10.5883/ds-ibihy02	10.3897/bdj.11.e98743
10.5883/ds-ibilp08	10.3897/bdj.12.e117169
10.5883/ds-ibipp01	10.3897/bdj.8.e55137
10.5883/ds-ibipp01	10.3897/bdj.8.e55137
10.5883/ds-ibitr01	10.3897/bdj.11.e97484
10.5883/ds-ibsphor	10.3897/bdj.11.e104942
10.5883/ds-icecu	10.7717/peerj.12379
10.5883/ds-icelus	10.5670/oceanog.2015.64
10.5883/ds-ichpue	10.33338/ef.84150
10.5883/ds-idbmtp	10.3897/bdj.6.e29927
10.5883/ds-ieobg10	10.1111/jai.12480
10.5883/ds-ifel	10.1007/s10750-017-3443-5
10.5883/ds-ifel	10.1007/s10750-017-3443-5
10.5883/ds-iflform	10.1016/j.jembe.2022.151763
10.5883/ds-igak	10.3390/healthcare6040131
10.5883/ds-igak	10.4172/2155-9597.1000304
10.5883/ds-igak	10.3390/healthcare6030089
10.5883/ds-imbr01	10.1016/j.jfca.2019.03.002
10.5883/ds-imdbng	10.1371/journal.pone.0183245
10.5883/ds-imdbng	10.1186/s40064-016-3191-4
10.5883/ds-impmix2	10.1371/journal.pcbi.1010154
10.5883/ds-inct01	10.1111/icad.12187
10.5883/ds-incur	10.3390/insects13050440
10.5883/ds-incurveu	10.3897/nl.42.13026
10.5883/ds-indof	10.1038/s41597-019-0123-5
10.5883/ds-indosig	10.3897/zookeys.897.38148
10.5883/ds-infogcol	10.1038/s41598-020-73519-w
10.5883/ds-infogcol	10.3897/bdj.7.e31432
10.5883/ds-inind20	10.1007/s11033-022-07628-2
10.5883/ds-inmac01	10.3389/fmars.2021.752360
10.5883/ds-inmac03	10.1038/s41598-025-85507-z
10.5883/ds-inmac03	10.5852/ejt.2022.826.1841
10.5883/ds-insctpak	10.38211/joarps.2022.3.2.41
10.5883/ds-insctpak	10.7717/peerj.13267
10.5883/ds-intrsp	10.14411/eje.2022.039
10.5883/ds-inwpapua	10.3897/bdj.6.e25237
10.5883/ds-iolana	10.3390/d16020089
10.5883/ds-iphiclid	10.1111/zsc.12355
10.5883/ds-isak	10.11158/saa.22.2.5
10.5883/ds-island	10.55710/1/ZJDA1070
10.5883/ds-isoku	10.11646/zootaxa.4394.3.4
10.5883/ds-issikpar	10.3390/d14090707
10.5883/ds-itlp	10.1371/journal.pone.0222291
10.5883/ds-jacana	10.1186/s12862-014-0227-7
10.5883/ds-jagm	10.3897/zookeys.1028.56784
10.5883/ds-jaill01c	10.32475/bsef_2277
10.5883/ds-jassa	10.7717/peerj.9613
10.5883/ds-jd2fj1	10.3109/19401736.2015.1089573
10.5883/ds-joda	10.1139/gen-2015-0208
10.5883/ds-jpchapun	10.3391/bir.2023.12.1.11
10.5883/ds-jsneosim	10.13156/arac.2020.18.5.490
10.5883/ds-kfml1	10.4289/0013-8797.116.1.137
10.5883/ds-khcfruit	10.1111/ens.12346
10.5883/ds-khcfruit	10.4289/0013-8797.121.4.544
10.5883/ds-khcfruit	10.1111/oik.08152
10.5883/ds-kiffer	10.3897/zookeys.909.39347
10.5883/ds-kina	10.1038/nature14949
10.5883/ds-kleptmar	10.1080/00379271.2023.2215216
10.5883/ds-kmtpd1	10.1016/j.biocon.2021.109034
10.5883/ds-kmtpd2	10.1016/j.biocon.2021.109034
10.5883/ds-kmtpd3	10.1016/j.biocon.2021.109034
10.5883/ds-kmtpd4	10.1016/j.biocon.2021.109034
10.5883/ds-kolf22	10.1016/j.actao.2024.104016
10.5883/ds-kolfmi	10.1016/j.actao.2023.103975
10.5883/ds-korbet	10.1016/j.aspen.2022.101914
10.5883/ds-krok4bdj	10.3897/bdj.10.e77661
10.5883/ds-labs	10.1111/1755-0998.13435
10.5883/ds-lachides	10.1016/j.aspen.2023.102165
10.5883/ds-lak2019	10.1111/ele.13943
10.5883/ds-lalses18	10.1371/journal.pone.0202281
10.5883/ds-lanzhot	10.1002/ece3.4194
10.5883/ds-lanzmet	10.1371/journal.pone.0187803
10.5883/ds-lanzmik	10.1111/1365-2656.12646
10.5883/ds-lanzmik	10.1371/journal.pone.0222119
10.5883/ds-lanzmik	10.1002/ece3.7005
10.5883/ds-larvadul	10.1098/rsbl.2021.0596
10.5883/ds-lasioch	10.1093/zoolinnean/zlad083
10.5883/ds-lauro	10.1111/fwb.13414
10.5883/ds-lcerviqc	10.1093/jme/tjaf017
10.5883/ds-lcsc	10.7717/peerj.11364
10.5883/ds-leaew	10.11646/zootaxa.3746.1.3
10.5883/ds-leatgeom	10.1371/journal.pone.0298025
10.5883/ds-leatnoct	10.3897/bdj.7.e37734
10.5883/ds-lebbeus	10.1007/s10750-015-2403-1
10.5883/ds-lecary	10.3897/zookeys.404.7234
10.5883/ds-leeuhopl	10.3897/zookeys.927.51142
10.5883/ds-leng	10.1111/1755-0998.13411
10.5883/ds-lepalgno	10.3897/zookeys.857.34188
10.5883/ds-lepeualt	10.1371/journal.pone.0206668
10.5883/ds-lepfrng1	10.1371/journal.pone.0171843
10.5883/ds-lepgmpn	10.1007/s11252-016-0597-2
10.5883/ds-lepgreec	10.3390/d14020118
10.5883/ds-lepicott	10.3390/d15020214
10.5883/ds-lepna1	10.1371/journal.pone.0116612
10.5883/ds-lepncypr	10.3390/d16110671
10.5883/ds-lepnelva	10.11646/zootaxa.4941.3.1
10.5883/ds-lepsan	10.7717/peerj.10420
10.5883/ds-lepseq	10.7717/peerj.10420
10.5883/ds-lepseqfr	10.7717/peerj.10420
10.5883/ds-levuana	10.1371/journal.pone.0225590
10.5883/ds-lflar	10.1371/journal.pone.0243138
10.5883/ds-lgfyr	10.3390/d13050176
10.5883/ds-licode	10.1139/gen-2015-0189
10.5883/ds-limanda	10.5670/oceanog.2015.64
10.5883/ds-limneph	10.1086/725455
10.5883/ds-limoaus	10.11646/zootaxa.5256.1.5
10.5883/ds-liparis	10.5670/oceanog.2015.64
10.5883/ds-liparis	10.5670/oceanog.2015.64
10.5883/ds-liphyr	10.4314/met.v31i1.21
10.5883/ds-lkccaaii	10.1111/zsc.12570
10.5883/ds-lkccaeii	10.3390/d15050662
10.5883/ds-lkccaeii	10.3390/d15050662
10.5883/ds-llinvert	10.3955/046.096.0108
10.5883/ds-lmkk	10.1134/s0013873818010074
10.5883/ds-lnunb23	10.1111/1755-0998.14018
10.5883/ds-lnupb23	10.1111/1755-0998.14018
10.5883/ds-lnupw23	10.1111/1755-0998.14018
10.5883/ds-lnusb23	10.1111/1755-0998.14018
10.5883/ds-lnuvb23	10.1111/1755-0998.14018
10.5883/ds-loch24	10.3897/dez.71.121217
10.5883/ds-lofly	10.1016/j.ijppaw.2021.09.007
10.5883/ds-lono2	10.1371/journal.pntd.0011063
10.5883/ds-lono2	10.1371/journal.pone.0285010
10.5883/ds-lopelep1	10.1139/gen-2018-0063
10.5883/ds-lporonor	10.5852/ejt.2022.836.1921
10.5883/ds-lse001	10.3897/bdj.3.e4902
10.5883/ds-lsgnld18	10.3389/fevo.2019.00250
10.5883/ds-lshyd	10.1016/j.jglr.2024.102344
10.5883/ds-ltlcp	10.1139/gen-2016-0080
10.5883/ds-ltzpl	10.1002/ece3.3742
10.5883/ds-lupang1	10.13133/2284-4880/229
10.5883/ds-lupang2	10.13133/2284-4880/229
10.5883/ds-lycode	10.57800/faunitaxys-10(7)
10.5883/ds-lycoder	10.57800/faunitaxys-12(3)
10.5883/ds-lycodes	10.5670/oceanog.2015.64
10.5883/ds-maaph	10.1371/journal.pone.0220426
10.5883/ds-magelona	10.1093/zoolinnean/zlab070
10.5883/ds-mallot	10.5670/oceanog.2015.64
10.5883/ds-mamos	10.1371/journal.pone.0097268
10.5883/ds-mamos	10.3109/19401736.2015.1082104
10.5883/ds-mamot	10.1371/journal.pone.0174749
10.5883/ds-mancnsf	10.2216/17-110.1
10.5883/ds-manpoly1	10.1111/jpy.12912
10.5883/ds-maoi	10.1101/2020.08.26.268896
10.5883/ds-mapth	10.1038/srep14188
10.5883/ds-mareg	10.1371/journal.pone.0199965
10.5883/ds-markall	10.1093/sysbio/syw044
10.5883/ds-masji08	10.3390/d14110899
10.5883/ds-maspd	10.1371/journal.pone.0217086
10.5883/ds-masscol	10.7717/peerj.12799
10.5883/ds-mathr	10.1371/journal.pone.0146014
10.5883/ds-mawfl	10.1371/journal.pone.0104485
10.5883/ds-mbm13	10.11646/zootaxa.4250.1.5
10.5883/ds-mdcbar	10.1051/limn/2016039
10.5883/ds-mecnp	10.1111/mec.14693
10.5883/ds-mecnp	10.5852/ejt.2021.764.1469
10.5883/ds-megafaun	10.3897/zookeys.963.54842
10.5883/ds-megalase	10.11646/zootaxa.4927.4.6
10.5883/ds-megamin	10.3897/zookeys.554.6069
10.5883/ds-melaruss	10.1111/cobi.13111
10.5883/ds-melasis	10.1649/0010-065X-76.2.209
10.5883/ds-melitaea	10.3390/genes12122009
10.5883/ds-mghkgcb	10.1111/gcb.17248
10.5883/ds-mhabid	10.1016/j.jglr.2024.102344
10.5883/ds-miani22	10.1002/ece3.9487
10.5883/ds-mickha	10.3897/zookeys.1061.70929
10.5883/ds-micpul	10.1111/zsc.12404
10.5883/ds-microma	10.1139/gen-2018-0065
10.5883/ds-microt	10.3390/insects14030227
10.5883/ds-micrura	10.3897/zookeys.579.7166
10.5883/ds-micrura	10.1134/s0013873818010074
10.5883/ds-midhyd	10.37828/em.2023.70.12
10.5883/ds-minll	10.1080/24750263.2024.2409152
10.5883/ds-mirlatia	10.3897/zookeys.1183.110163
10.5883/ds-miteqroo	10.7717/peerj.18197
10.5883/ds-mlrj	10.1089/vbz.2020.2662
10.5883/ds-mmastigo	10.3390/d13060279
10.5883/ds-mmastigo	10.7717/peerj.8416
10.5883/ds-mmdiwmp	10.1038/s41598-024-79398-9
10.5883/ds-mnehyd	10.11158/saa.27.7.7
10.5883/ds-mnehyd	10.3897/zookeys.1217.131730
10.5883/ds-molecol	10.3389/fmars.2022.881566
10.5883/ds-moll2019	10.1101/2021.03.07.434272
10.5883/ds-monojus	10.3897/zookeys.992.53975
10.5883/ds-monojus	10.3897/ZOOKEYS.992.53975
10.5883/ds-mosmex18	10.1016/j.actatropica.2020.105730
10.5883/ds-mozk	10.1111/ecog.02747
10.5883/ds-mpanem22	10.1007/s00300-023-03117-9
10.5883/ds-mpelop	10.3897/zookeys.1214.133348
10.5883/ds-mqbmbc	10.1186/s13071-024-06263-z
10.5883/ds-mqbmbc	10.1111/mve.12773
10.5883/ds-mqbmbc	10.3389/fevo.2020.568835
10.5883/ds-mqfwuk	10.3897/zookeys.832.32257
10.5883/ds-mqjlc	10.3389/fvets.2020.564791
10.5883/ds-mqlcj	10.3389/fvets.2020.564791
10.5883/ds-mqsvlr	10.3389/fvets.2019.00086
10.5883/ds-ms001	10.3389/fevo.2015.00063
10.5883/ds-mskkr	10.1515/mammalia-2015-0114
10.5883/ds-mtane	10.1111/zsc.12397
10.5883/ds-mtane2	10.1093/zoolinnean/zlab100
10.5883/ds-mtapp	10.3390/d13030131
10.5883/ds-mtbpp	10.3390/d13030131
10.5883/ds-mtec	10.1007/s13127-022-00597-1
10.5883/ds-mtefbin	10.1007/s13127-022-00597-1
10.5883/ds-mtevol	10.3389/fevo.2023.1218690
10.5883/ds-mthd	10.1080/14772000.2022.2116124
10.5883/ds-mtodo	10.1139/gen-2019-0226
10.5883/ds-mtpc	10.1071/is24059
10.5883/ds-mtpd	10.1071/is21084
10.5883/ds-mtpno	10.3897/zookeys.1196.115260
10.5883/ds-mtww	10.1603/ec13312
10.5883/ds-mudar	10.11646/zootaxa.4500.2.10
10.5883/ds-muna	10.1038/s41598-022-06666-x
10.5883/ds-mybca	10.1371/journal.pone.0135053
10.5883/ds-mybcred	10.1371/journal.pone.0135053
10.5883/ds-myic	10.1101/2020.08.29.273490
10.5883/ds-myoxo	10.5670/oceanog.2015.64
10.5883/ds-naherps	10.1371/journal.pone.0154363
10.5883/ds-nalepe	10.1093/zoolinnean/zlaa024
10.5883/ds-namcrat	10.1093/aobpla/plv045
10.5883/ds-namnoc1	10.1371/journal.pone.0178548
10.5883/ds-namnoc2	10.1371/journal.pone.0178548
10.5883/ds-namnoc3	10.1371/journal.pone.0178548
10.5883/ds-namnoc4	10.1371/journal.pone.0178548
10.5883/ds-namnoc5	10.1371/journal.pone.0178548
10.5883/ds-namnoc6	10.1371/journal.pone.0178548
10.5883/ds-namnoc7	10.1371/journal.pone.0178548
10.5883/ds-namnoc8	10.1371/journal.pone.0178548
10.5883/ds-nathbrev	10.1649/0010-065X-77.1.127
10.5883/ds-nbcol	10.1002/ece3.5103
10.5883/ds-ncgrac1	10.1515/bot-2017-0120
10.5883/ds-neanwa	10.1111/1755-0998.13441
10.5883/ds-nemacric	10.1139/gen-2019-0196
10.5883/ds-nembbca	10.3897/zookeys.1204.117869
10.5883/ds-nenets	10.5735/086.057.0112
10.5883/ds-neo1	10.1371/journal.pone.0151799
10.5883/ds-neoarmy	10.1002/ecs2.4812
10.5883/ds-neocto	10.11646/zootaxa.3699.1.1
10.5883/ds-neonep	10.3897/zookeys.628.9805
10.5883/ds-neopalpa	10.3897/zookeys.646.11411
10.5883/ds-neophy	10.11646/zootaxa.4341.3.1
10.5883/ds-neosesii	10.3897/zookeys.866.34202
10.5883/ds-nephius1	10.11646/zootaxa.4500.3.5
10.5883/ds-nephius2	10.11646/zootaxa.4500.3.5
10.5883/ds-nepphylo	10.1111/syen.12212
10.5883/ds-neubfb	10.1371/journal.pone.0109719
10.5883/ds-newbulg	10.11646/zootaxa.4984.1.18
10.5883/ds-newcol18	10.3897/zookeys.894.37862
10.5883/ds-newcoleo	10.3389/fevo.2019.00495
10.5883/ds-newlecyp	10.57065/shilap.1012
10.5883/ds-nfdb	10.1371/journal.pone.0101460
10.5883/ds-ngajo	10.7717/peerj.13049
10.5883/ds-ngs375a	10.1101/433607
10.5883/ds-ngs375a	10.1111/1755-0998.13008
10.5883/ds-ngs375b	10.1101/433607
10.5883/ds-ngs375b	10.1111/1755-0998.13008
10.5883/ds-ngstypes	10.1111/1755-0998.12474
10.5883/ds-ngsyntom	10.18473/lepi.69i4.a6
10.5883/ds-nhmbf13	10.1111/1755-0998.12208
10.5883/ds-nilo	10.3897/zookeys.893.39032
10.5883/ds-nmfdcell	10.1186/s41200-016-0059-9
10.5883/ds-nmnhall	10.3897/bdj.11.e100904
10.5883/ds-nmnhall	10.3897/arphapreprints.e84305
10.5883/ds-noccamet	10.1038/s41598-018-36998-6
10.5883/ds-nocic	10.3390/cells10061358
10.5883/ds-nocturna	10.11646/zootaxa.5543.3.7
10.5883/ds-nocturna	10.1080/09397140.2025.2459502
10.5883/ds-nohyd	10.3897/zookeys.1217.131730
10.5883/ds-norsc	10.3390/insects13020147
10.5883/ds-norse	10.1080/17451000.2019.1699659
10.5883/ds-nosos	10.11646/zootaxa.5296.2.1
10.5883/ds-notaris	10.11646/zootaxa.4105.6.3
10.5883/ds-np50m	10.1111/2041-210X.13561
10.5883/ds-npe511	10.3897/bdj.3.e4180
10.5883/ds-nsech	10.1186/s10152-016-0468-5
10.5883/ds-nsech	10.1038/s41598-018-32917-x
10.5883/ds-numtins	10.1371/journal.pone.0286620
10.5883/ds-numtins	10.22541/au.165893766.64488370/v1
10.5883/ds-nwar	10.1111/1755-0998.13441
10.5883/ds-nwpha22	10.1080/14772000.2022.2099477
10.5883/ds-nycheast	10.11646/zootaxa.4812.1.1
10.5883/ds-nyctob	10.57065/shilap.895
10.5883/ds-nyodpal	10.4314/met.v34i1.8
10.5883/ds-nystalea	10.5281/zenodo.7418826
10.5883/ds-nzharp	10.1080/03014223.2015.1011592
10.5883/ds-nztoh	10.1038/s41598-018-35564-4
10.5883/ds-oceana	10.1016/j.marpol.2018.10.035
10.5883/ds-ochlodes	10.1111/jen.13167
10.5883/ds-octocora	10.3897/bdj.7.e30970
10.5883/ds-odoger	10.7717/peerj.11192
10.5883/ds-odopb	10.3390/d14030203
10.5883/ds-ohhyd	10.1016/j.jglr.2024.102344
10.5883/ds-ohlgadd	10.1111/jbi.14822
10.5883/ds-ohlsc	10.1093/zoolinnean/zlw025
10.5883/ds-ohrbahy	10.1016/j.jglr.2024.102344
10.5883/ds-olks	10.1007/s10750-021-04728-1
10.5883/ds-olocc1	10.1038/s41597-019-0320-2
10.5883/ds-olocc2	10.1038/s41597-019-0320-2
10.5883/ds-ont100k	10.1111/1755-0998.14028
10.5883/ds-ont10k	10.1111/1755-0998.14028
10.5883/ds-ont2k	10.1111/1755-0998.14028
10.5883/ds-oospila	10.11646/zootaxa.4497.2.1
10.5883/ds-opgut	10.1111/ele.13486
10.5883/ds-ophna	10.21203/rs.3.rs-4547941/v1
10.5883/ds-ophna	10.1038/s41598-024-71178-9
10.5883/ds-orbamia	10.3897/zookeys.929.50391
10.5883/ds-ortger	10.1111/1755-0998.12638
10.5883/ds-ortnev	10.37520/aemnp.2024.015
10.5883/ds-otufbc	10.1111/1755-0998.12557
10.5883/ds-oweniida	10.1111/ivb.12311
10.5883/ds-paland	10.5852/ejt.2024.948.2637
10.5883/ds-palantho	10.1080/00379271.2024.2325688
10.5883/ds-pangu	10.3391/bir.2025.14.1.04
10.5883/ds-panlarva	10.1371/journal.pone.0224188
10.5883/ds-panlarva	10.22541/au.173770574.43084018/v1
10.5883/ds-panope01	10.3897/zookeys.1179.105734
10.5883/ds-panplant	10.1371/journal.pone.0224188
10.5883/ds-papa	10.1111/1755-0998.13402
10.5883/ds-paq2023	10.3897/bdj.12.e120340
10.5883/ds-parana	10.1111/mec.15384
10.5883/ds-pararge	10.1111/jbi.13354
10.5883/ds-parasp	10.3897/zookeys.957.53908
10.5883/ds-pards	10.3390/life14020268
10.5883/ds-parg2016	10.3354/meps11738
10.5883/ds-pavoni	10.1111/mec.17194
10.5883/ds-pawpaw	10.1086/725107
10.5883/ds-pbbc1	10.1186/s12864-018-4611-3
10.5883/ds-pbbc2	10.1186/s12864-018-4611-3
10.5883/ds-pbbc3	10.1186/s12864-018-4611-3
10.5883/ds-pbbc4	10.1186/s12864-018-4611-3
10.5883/ds-pbor	10.2216/16-18.1
10.5883/ds-pborsc	10.2216/16-18.1
10.5883/ds-pcapten	10.3389/fmars.2021.750180
10.5883/ds-pcniph	10.1080/24750263.2022.2126534
10.5883/ds-pcsbru1	10.1371/journal.pone.0185861
10.5883/ds-pdcl	10.1007/s10933-022-00247-8
10.5883/ds-pdotwm	10.1603/AN12033
10.5883/ds-pechal1	10.3897/bdj.7.e35907
10.5883/ds-pelecoc	10.11646/zootaxa.5141.1.1
10.5883/ds-pepm	10.1515/mammalia-2013-0128
10.5883/ds-perccott	10.3897/neobiota.57.48958
10.5883/ds-perigune	10.1080/09397140.2021.1883657
10.5883/ds-petal	10.5281/zenodo.4746256
10.5883/ds-pgcna	10.3389/fmars.2022.838201
10.5883/ds-phaedusa	10.1016/j.ympev.2020.107060
10.5883/ds-phaedusa	10.1016/j.ympev.2020.107060
10.5883/ds-phaedusa	10.1038/s41598-022-22651-w
10.5883/ds-phaedusa	10.21203/rs.3.rs-1707751/v1
10.5883/ds-phdhung	10.1007/s12526-022-01266-4
10.5883/ds-phdhung	10.1002/aqc.4041
10.5883/ds-phdjao	10.3390/d14050377
10.5883/ds-phdria	10.3897/zookeys.773.21690
10.5883/ds-phen1416	10.1086/705241
10.5883/ds-phico	10.1016/j.jcz.2024.10.001
10.5883/ds-philfish	10.1038/s41597-023-02306-9
10.5883/ds-philono	10.3897/zookeys.494.8748
10.5883/ds-phoronid	10.1111/ivb.12242
10.5883/ds-phpcon	10.3391/bir.2023.12.4.08
10.5883/ds-phtan	10.1111/syen.12292
10.5883/ds-phygeno	10.1111/cla.12490
10.5883/ds-phygrac	10.1111/syen.12210
10.5883/ds-phylcorn	10.3897/zookeys.736.20739
10.5883/ds-phylochr	10.3897/bdj.12.e135576
10.5883/ds-phylocol	10.1007/s10980-022-01453-5
10.5883/ds-phylpnpc	10.1016/j.ejsobi.2020.103242
10.5883/ds-phytosci	10.4289/0013-8797.120.3.500
10.5883/ds-pibor	10.1038/s41467-020-16181-0
10.5883/ds-pin2	10.1111/jpy.12825
10.5883/ds-pin2	10.1080/0269249X.2018.1513869
10.5883/ds-pin3	10.5507/fot.2020.017
10.5883/ds-pinmx1ht	10.7717/peerj.12774
10.5883/ds-pircx	10.1371/journal.pone.0134453
10.5883/ds-pkatter	10.3897/zookeys.833.30936
10.5883/ds-platybol	10.1007/s13592-018-0622-y
10.5883/ds-platypeu	10.3897/nl.40.12127
10.5883/ds-plebic	10.11646/zootaxa.4941.4.1
10.5883/ds-plemor	10.11646/zootaxa.4545.4.1
10.5883/ds-pllep	10.3390/insects13090855
10.5883/ds-plomas	10.1038/s41597-023-02206-y
10.5883/ds-plusna1	10.1371/journal.pone.0066213
10.5883/ds-plusna1	10.1371/journal.pone.0116612
10.5883/ds-plut1	10.1186/s12862-018-1183-4
10.5883/ds-plut1	10.3897/zookeys.327.5831
10.5883/ds-pluvs	10.3897/aca.8.e147837
10.5883/ds-plw1	10.3389/fevo.2024.1358984
10.5883/ds-pmbc	10.3897/bdj.3.e7159
10.5883/ds-pngfruit	10.1111/aec.12326
10.5883/ds-pngfruit	10.1111/oik.08152
10.5883/ds-polarc	10.1002/ecm.1637
10.5883/ds-polarc	10.1111/mec.14932
10.5883/ds-policap	10.1371/journal.pone.0302283
10.5883/ds-pollcara	10.1111/mec.16943
10.5883/ds-polychae	10.1111/ivb.12311
10.5883/ds-polycss	10.15504/fmj.2021.51
10.5883/ds-polycss	10.1002/ece3.8741
10.5883/ds-polygen	10.1016/j.dsr2.2016.08.008
10.5883/ds-polygord	10.1111/ivb.12311
10.5883/ds-polynoid	10.3389/fmars.2021.656899
10.5883/ds-ponereco	10.1111/een.12817
10.5883/ds-poodr	10.1093/femsec/fiaa116
10.5883/ds-poplm	10.11646/zootaxa.4915.3.11
10.5883/ds-popmoth	10.3390/f16020190
10.5883/ds-potam	10.1002/aps3.1155
10.5883/ds-ppnp12	10.1101/192732
10.5883/ds-ppnp12	10.1139/gen-2018-0093
10.5883/ds-preyarmy	10.1002/ecs2.4812
10.5883/ds-probhun	10.1051/kmae/2020003
10.5883/ds-proclino	10.4289/0013-8797.123.4.852
10.5883/ds-prothro	10.11646/zootaxa.4171.1.7
10.5883/ds-pscoetye	10.11646/zootaxa.3768.4.4
10.5883/ds-psehah	10.33338/ef.71220
10.5883/ds-pseudoph	10.1186/s40850-018-0032-7
10.5883/ds-psfor01	10.3897/bdj.3.e4078
10.5883/ds-psr88	10.1093/jee/toac076
10.5883/ds-psyll	10.1093/evolut/qpad197
10.5883/ds-ptegbolr	10.3897/bdj.9.e77092
10.5883/ds-pterygno	10.11646/zootaxa.4341.3.4
10.5883/ds-ptgb	10.1111/1755-0998.12441
10.5883/ds-ptgb	10.1016/j.marenvres.2024.106660
10.5883/ds-ptgb	10.1101/2024.01.25.577180
10.5883/ds-ptmos	10.1111/zph.12885
10.5883/ds-ptubercu	10.3390/d13060225
10.5883/ds-publiml	10.57800/faunitaxys-11(47)
10.5883/ds-pyreca	10.57065/shilap.1026
10.5883/ds-qatar	10.11646/zootaxa.5188.1.1
10.5883/ds-qroococc	10.1111/btp.13103
10.5883/ds-qroococc	10.1080/14772000.2021.2017060
10.5883/ds-radtric	10.1093/isd/ixab013
10.5883/ds-rapbpan	10.3390/d9020019
10.5883/ds-rapbpan	10.3390/taxonomy2010004
10.5883/ds-rbb15	10.3897/BDJ.3.e6313
10.5883/ds-redmtan	10.1111/syen.12292
10.5883/ds-rerm	10.1098/rspb.2016.0553
10.5883/ds-rgcal	10.1038/s41598-022-18234-4
10.5883/ds-rgcal	10.21203/rs.3.rs-1494665/v1
10.5883/ds-rhabyss	10.1038/s41598-023-42942-0
10.5883/ds-rhachotr	10.3897/zookeys.731.19814
10.5883/ds-rhachotr	10.3897/zookeys.731.19931
10.5883/ds-rhacsas	10.7717/peerj.4887
10.5883/ds-rhsokho	10.1016/j.dsr2.2017.09.020
10.5883/ds-ricket	10.1093/gigascience/giab021
10.5883/ds-rlmpccdb	10.1371/journal.pone.0156426
10.5883/ds-roed	10.11646/zootaxa.5301.3.2
10.5883/ds-rolep2	10.1007/s10841-020-00281-9
10.5883/ds-ronden	10.1007/s10526-014-9622-7
10.5883/ds-rrngs	10.1093/gigascience/giac040
10.5883/ds-rrpol	10.1002/ece3.10602
10.5883/ds-rsym	10.1111/1755-0998.12614
10.5883/ds-saaf	10.1139/gen-2015-0212
10.5883/ds-salf	10.1139/gen-2015-0212
10.5883/ds-saliclm	10.1134/s1995425518060033
10.5883/ds-sanfraf	10.1016/j.ecolind.2017.01.029
10.5883/ds-sarcoph	10.3897/zookeys.909.46488
10.5883/ds-scamacol	10.7717/peerj.9989
10.5883/ds-scap	10.1007/s12526-021-01170-3
10.5883/ds-schisma	10.26028/cybium/2021-451-006
10.5883/ds-sciamacq	10.11646/zootaxa.4415.2.1
10.5883/ds-sciarwa	10.11646/zootaxa.4415.2.1
10.5883/ds-sciblast	10.3390/insects13020147
10.5883/ds-sclae	10.1590/1676-0611-bn-2020-0959
10.5883/ds-scoibl	10.1002/ece3.7836
10.5883/ds-scranc	10.1111/syen.12614
10.5883/ds-scrobcyp	10.11646/zootaxa.5523.4.3
10.5883/ds-scyca	10.57065/shilap.788
10.5883/ds-scyneo	10.3897/zookeys.1087.64382
10.5883/ds-scythris	10.57065/shilap.1033
10.5883/ds-sdbi	10.3109/19401736.2014.905830
10.5883/ds-sdgp	10.1038/s41598-024-78224-6
10.5883/ds-seflprc	10.32475/bsef_2286
10.5883/ds-segar16	10.1371/journal.pone.0222119
10.5883/ds-segar16	10.1098/rspb.2017.1803
10.5883/ds-sendaph	10.3897/jhr.41.8586
10.5883/ds-serv	10.1007/s12526-020-01051-1
10.5883/ds-sethy23	10.3390/taxonomy4010009
10.5883/ds-shma	10.1038/s41598-017-10123-5
10.5883/ds-sicydiin	10.1093/jeb/voae017
10.5883/ds-siniran	10.3897/compcytogen.17.102830
10.5883/ds-sizesic	10.1111/cla.12520
10.5883/ds-skacirut	10.1051/kmae/2019004
10.5883/ds-skelmaen	10.7717/peerj.10039
10.5883/ds-skep	10.1111/1755-0998.13954
10.5883/ds-sklimper	10.7717/peerj.10039
10.5883/ds-skrhytri	10.1038/s41598-021-03411-8
10.5883/ds-skrhytri	10.21203/rs.3.rs-678096/v1
10.5883/ds-slmww	10.1038/s41598-023-49472-9
10.5883/ds-smrpm	10.1038/s41598-019-41958-9
10.5883/ds-smrpm	10.1038/s41598-019-41958-9
10.5883/ds-smtpc	10.1038/s41597-019-0320-2
10.5883/ds-soc2014	10.1111/1755-0998.12444
10.5883/ds-softshel	10.1038/s41598-022-22651-w
10.5883/ds-soilm	10.3390/insects13010094
10.5883/ds-sph02aus	10.1371/journal.pone.0101108
10.5883/ds-sph02aus	10.1371/journal.pone.0101108
10.5883/ds-sphd2401	10.1111/icad.12762
10.5883/ds-sphec18	10.3897/zookeys.836.30326
10.5883/ds-spheceu	10.1111/1755-0998.12963
10.5883/ds-spialia	10.1111/mec.13756
10.5883/ds-spialia	10.1111/mec.13756
10.5883/ds-spilo	10.3897/bdj.12.e114515
10.5883/ds-spmack	10.1111/bij.12796
10.5883/ds-spmfln	10.11158/saa.27.2.3
10.5883/ds-spsim	10.1186/s13071-018-3046-7
10.5883/ds-sql100k	10.1111/1755-0998.14028
10.5883/ds-sql10k	10.1111/1755-0998.14028
10.5883/ds-sql2k	10.1111/1755-0998.14028
10.5883/ds-srdbmr	10.1038/s41598-021-97324-1
10.5883/ds-ssadr	10.12681/mms.30401
10.5883/ds-ssch1222	10.1093/jme/tjad038
10.5883/ds-ssmoc	10.1111/mec.15292
10.5883/ds-ssmoc	10.1111/mec.15292
10.5883/ds-stammexi	10.5852/ejt.2023.911.2371
10.5883/ds-sticto	10.3390/insects15030179
10.5883/ds-stignatu	10.3897/nl.46.99360
10.5883/ds-stmult	10.3897/zookeys.784.27296
10.5883/ds-streb1	10.37828/em.2022.58.2
10.5883/ds-stymacro	10.3390/d11020018
10.5883/ds-subfauna	10.1101/2024.09.20.613981
10.5883/ds-suraka1	10.1093/aesa/saw006
10.5883/ds-sylvina	10.1371/journal.pone.0310318
10.5883/ds-symb	10.21203/RS.3.RS-1200416/V1
10.5883/ds-symb	10.1038/s41598-022-19855-5
10.5883/ds-symc	10.1093/molbev/msx073
10.5883/ds-symc	10.5852/ejt.2018.448
10.5883/ds-symc	10.1111/jeb.13186
10.5883/ds-symc	10.5852/ejt.2017.272
10.5883/ds-symc	10.1371/journal.pgen.1007965
10.5883/ds-symc	10.1111/1755-0998.13178
10.5883/ds-syncosm	10.11646/zootaxa.4006.3.3
10.5883/ds-syrmerom	10.3390/insects11110791
10.5883/ds-syrphte	10.1111/syen.12573
10.5883/ds-tabac	10.1371/journal.pone.0138993
10.5883/ds-tacfi	10.1371/journal.pone.0164933
10.5883/ds-taiplat	10.1016/j.aspen.2018.12.004
10.5883/ds-tamma	10.1101/2020.03.19.999466
10.5883/ds-tamma	10.1073/pnas.2002753117
10.5883/ds-tams	10.1073/pnas.2007925117
10.5883/ds-tanysc	10.1111/zsc.12280
10.5883/ds-tarnofor	10.1139/gen-2019-0218
10.5883/ds-tbgmi	10.1038/s42003-023-05621-4
10.5883/ds-tbile	10.4289/0013-8797.116.1.133
10.5883/ds-tbol	10.1098/rstb.2016.0025
10.5883/ds-tbol	10.7287/peerj.preprints.3037v2
10.5883/ds-tepani	10.3897/bdj.11.e108636
10.5883/ds-tephper	10.1371/journal.pone.0228136
10.5883/ds-tetra	10.3897/zookeys.1181.109521
10.5883/ds-tgp2	10.21083/jeso.v155i.7841
10.5883/ds-thanasi	10.11646/zootaxa.4674.3.7
10.5883/ds-thiosump	10.3897/zookeys.1173.105037
10.5883/ds-thrips21	10.1017/S0007485323000391
10.5883/ds-ticimap	10.1371/journal.pone.0182836
10.5883/ds-ticka	10.1371/journal.pone.0155989
10.5883/ds-ticka	10.48550/arXiv.1411.6686
10.5883/ds-ticki	10.1371/journal.pone.0155989
10.5883/ds-tickscan	10.12688/f1000research.2-194.v2
10.5883/ds-tieparis	10.1139/facets-2016-0061
10.5883/ds-tiliaphy	10.1038/s41598-022-08894-7
10.5883/ds-tiliaphy	10.1371/journal.pone.0171104
10.5883/ds-tilmada	10.3390/d13070281
10.5883/ds-tirichoc	10.11646/zootaxa.4665.1.1
10.5883/ds-tlqplato	10.1080/00222933.2016.1180719
10.5883/ds-toeflepi	10.1111/icad.12510
10.5883/ds-toeflepi	10.1002/ece3.7005
10.5883/ds-torts	10.4001/003.022.0225
10.5883/ds-trialagu	10.1134/s0013873820070088
10.5883/ds-tricho21	10.35929/RSZ.0075
10.5883/ds-trifi200	10.1093/isd/ixab013
10.5883/ds-triglop	10.5670/oceanog.2015.64
10.5883/ds-trip	10.11646/zootaxa.4079.5.2
10.5883/ds-triphosa	10.11646/zootaxa.4603.1.2
10.5883/ds-trirhyd	10.37828/em.2023.66.2
10.5883/ds-trirhyd	10.3897/zookeys.1232.142699
10.5883/ds-trirhyd	10.3897/zookeys.1217.131730
10.5883/ds-trpex	10.1093/jisesa/iex075
10.5883/ds-ttaddd	10.1073/pnas.1817774115
10.5883/ds-ttaddd	10.1073/pnas.1809326115
10.5883/ds-ttgam01	10.11646/zootaxa.4942.3.2
10.5883/ds-tunamp	10.1007/s10531-023-02617-8
10.5883/ds-uhurur1	10.7275/55343
10.5883/ds-uhurur2	10.1111/1755-0998.13001
10.5883/ds-uhurur2	10.7275/55343
10.5883/ds-uhurur3	10.7275/55343
10.5883/ds-uhurur3	10.3390/d14030219
10.5883/ds-ulmca	10.1016/j.flora.2020.151732
10.5883/ds-ungemach	10.1080/09397140.2018.1511288
10.5883/ds-updrun1	10.1101/2024.09.03.610934
10.5883/ds-urania	10.1371/journal.pone.0164405
10.5883/ds-uscanlep	10.7717/peerj.11157
10.5883/ds-vascan	10.3732/apps.1700079
10.5883/ds-vascan	10.1371/journal.pone.0169515
10.5883/ds-vascan	10.1002/aps3.1155
10.5883/ds-vavizola	10.37828/em.2023.62.8
10.5883/ds-venaneur	10.31184/g00138894.711.1755
10.5883/ds-venanus	10.3897/bdj.2.e4167
10.5883/ds-vertcat	10.1007/s00442-019-04584-w
10.5883/ds-vertcat	10.1002/ece3.7005
10.5883/ds-vertcat	10.1111/oik.08265
10.5883/ds-vgds009	10.14411/eje.2019.028
10.5883/ds-vgds010	10.14411/eje.2019.028
10.5883/ds-vgds011	10.11646/zootaxa.4766.3.2
10.5883/ds-vgds012	10.11646/zootaxa.4803.3.5
10.5883/ds-vgds16	10.37520/aemnp.2021.021
10.5883/ds-vgds17	10.13133/2284-4880/547
10.5883/ds-vgds18	10.13133/2284-4880/547
10.5883/ds-vgds23	10.13133/2284-4880/570
10.5883/ds-vgds24	10.37520/aemnp.2022.023
10.5883/ds-vgds25	10.37520/aemnp.2022.023
10.5883/ds-vgds28	10.25674/416
10.5883/ds-vietdaci	10.3897/zookeys.797.29138
10.5883/ds-villica	10.3897/zookeys.1159.95225
10.5883/ds-villumi	10.57065/shilap.359
10.5883/ds-volcmosq	10.1089/vbz.2021.0034
10.5883/ds-vpsbc	10.14288/1.0340546
10.5883/ds-wablk	10.3390/d14030219
10.5883/ds-wccms	10.1111/fwb.12732
10.5883/ds-westind1	10.11646/zootaxa.3760.2.8
10.5883/ds-whsam	10.1093/isd/ixy017
10.5883/ds-wilfc	10.1007/s10886-020-01173-7
10.5883/ds-willszn	10.1007/s00442-025-05672-w
10.5883/ds-wolsc	10.1093/molbev/msx073
10.5883/ds-wppolist	10.3897/zookeys.713.11335
10.5883/ds-xenolep	10.1016/j.japb.2023.07.001
10.5883/ds-xylocol1	10.14411/eje.2021.009
10.5883/ds-xylophy1	10.1098/rspb.2021.2435
10.5883/ds-yawan	10.4289/0013-8797.117.2.247
10.5883/ds-yawan2	10.1371/journal.pone.0222119
10.5883/ds-yawan2	10.1111/ecog.03849
10.5883/ds-yawanpl	10.1111/ecog.03849
10.5883/ds-ynpbpr2	10.1098/rsos.240136
10.5883/ds-zackanim	10.1111/1755-0998.12489
10.5883/ds-zackanim	10.1111/2041-210X.12721
10.5883/ds-zackd	10.1111/2041-210X.12721
10.5883/ds-zackgm	10.1111/1755-0998.12489
10.5883/ds-zackplan	10.1111/1755-0998.12489
10.5883/ds-zanzibar	10.11646/zootaxa.5311.3.6
10.5883/ds-zococu	10.1038/s41598-020-63973-x
10.5883/ds-zturip	10.3391/ai.2023.18.4.113092
10.5883/ds-zyanth	10.1093/jisesa/ieae045
10.5883/ds-zygoneur	10.4289/0013-8797.118.4.519
10.5883/ds-zygospil	10.1649/0010-065X-78.2.281
10.5883/ds-zygpan	10.3897/zookeys.1207.121725
10.5883/ds-zypan	10.1371/journal.pone.0161449
10.5883/ds-scop	10.3897/nl.41.24316
10.5883/ds-ppla	10.3391/bir.2018.7.2.08
10.5883/ds-phylo	10.1073/pnas.0913084107
10.5883/ds-mins	10.1128/spectrum.03160-22
10.5883/ds-minoa	10.11646/zootaxa.4903.2.5
10.5883/ds-minion	10.3897/arphapreprints.e109313
10.5883/ds-mckenzie	10.37828/em.2023.69.7
10.5883/ds-manto	10.3897/nl.43.47409
10.5883/ds-mancar	10.3897/jor.26.19863
10.5883/ds-llama	10.4039/tce.2014.82
10.5883/ds-life	10.3897/BDJ.5.e12409
10.5883/ds-lept	10.7717/peerj.3981
10.5883/ds-leake	10.3897/zookeys.503.9590
10.5883/ds-heter	10.3897/jhr.72.39339
10.5883/ds-harder	10.25221/fee.465.3
10.5883/ds-micrura	10.25221/kurentzov.30.4
10.5883/ds-betuleaf	10.25221/kurentzov.30.4
10.5883/ds-lmkk	10.25221/kurentzov.30.4
10.5883/ds-phylcorn	10.25221/kurentzov.30.4
10.5883/ds-saliclm	10.25221/kurentzov.30.4
10.5883/ds-grasib	10.25221/kurentzov.30.4
10.5883/ds-fabphyl	10.25221/kurentzov.30.4
10.5883/ds-graph	10.1016/j.aspen.2014.02.007
10.5883/ds-gracil	10.11646/ZOOTAXA.5115.1.4
10.5883/ds-gielis	10.3897/nl.40.14528
10.5883/ds-geminis	10.11646/zootaxa.3866.3.2
10.5883/ds-geans1	10.3897/aca.4.e65063
10.5883/ds-flood	10.1186/s12898-020-00298-3
10.5883/ds-cosyra	10.1111/jen.12379
10.5883/ds-copin	10.1017/S0007485314000947
10.5883/ds-coil	10.1139/gen-2019-0206
10.5883/ds-chry	10.20363/BZB-2023.72.1.001
10.5883/ds-chiri	10.1111/btp.12927
10.5883/ds-charlton	10.11646/zootaxa.5052.1.2
10.5883/ds-cerrf	10.11646/zootaxa.4276.3.9
10.5883/ds-catch	10.1111/een.12345
10.5883/ds-casc	10.11646/ZOOTAXA.5410.2.2
10.5883/ds-cali	10.3897/zse.93.10744
10.5883/ds-asnbpar	10.1111/afe.12508
10.5883/ds-arms	10.1073/pnas.1424997112
10.5883/ds-antlmal	10.3897/jhr.95.96365
10.5883/ds-anan	10.4039/tce.2018.70
10.5883/ds-amaz	10.1111/icad.12549
10.5883/ds-denisia1	10.3897/alpento.8.127794
10.5883/ds-bowser	10.7299/x78052xk
10.5883/ds-brevante	10.3897/nl.45.81674
10.5883/ds-bupglau	10.1163/22119434-00002028
10.5883/ds-cedegran	10.3897/nl.47.121152
10.5883/ds-chamana	10.4039/tce.2023.17
10.5883/ds-col0815	10.3897/dez.71.121389
10.5883/ds-colsir	10.33338/ef.82918
10.5883/ds-cryppsyl	10.4039/tce.2021.20
10.5883/ds-deeur350	10.3897/travaux.62.e38485
10.5883/ds-dfbmites	10.4039/tce.2024.28
10.5883/ds-ducmind	10.11646/zootaxa.5468.1.8
10.5883/ds-eburi22	10.32475/bsef_2254
10.5883/ds-elacgrae	10.3897/nl.48.142483
10.5883/ds-eupleur	10.3897/jhr.67.28810
10.5883/ds-hemimut	10.18195/issn.0312-3162.36.2021.013-032
10.5883/ds-inmeg242	10.1017/S0025315424001127
10.5883/ds-lecith	10.3897/nl.46.101457
10.5883/ds-lkccaa	10.3897/asp.79.e61499
10.5883/ds-lkccat	10.3897/asp.79.e65325
10.5883/ds-metzneri	10.57065/shilap.226
10.5883/ds-microp	10.11646/zootaxa.3919.3.8
10.5883/ds-mohet	10.1007/s10531-023-02686-9
10.5883/ds-nemahelv	10.3897/alpento.4.51727
10.5883/ds-otibazo	10.11646/zootaxa.3869.5.11
10.5883/ds-rawka	10.5281/zenodo.14027156
10.5883/ds-stigtatr	10.3897/nl.40.12674
10.5883/ds-stitor	10.3897/nl.48.141094
10.5883/ds-tasact1	10.14411/eje.2018.044
10.5883/ds-tasact2	10.14411/eje.2018.044
10.5883/ds-tisciran	10.3897/nl.45.76043
10.5883/ds-tomares	10.3897/dez.67.50252
10.5883/ds-ttseur	10.3897/BDJ.8.e59177
10.5883/ds-typodul1	10.26049/asp77-2-2019-04
10.5883/ds-typodul2	10.26049/asp77-2-2019-04
10.5883/ds-vgds001	10.14411/eje.2019.006
10.5883/ds-vgds002	10.26049/asp77-3-2019-3
10.5883/ds-vgds003	10.26049/asp77-3-2019-3
10.5883/ds-vgds005	10.3897/asp.79.e66021
10.5883/ds-vgds006	10.3897/asp.79.e66021
10.5883/ds-vgds26	10.25674/349
10.5883/ds-wahg	10.3897/asp.72.e31897
10.5883/ds-xemac	10.3897/asp.76.e31935
10.5883/ds-zylep	10.18195/issn.0312-3162.36.2021.001-012
10.5883/ds-aedna12	10.4039/tce.2015.53
10.5883/ds-anepingu	10.24823/EJB.2023.1932
10.5883/ds-aradbarc	10.14411/eje.2018.051
10.5883/ds-aradidae	10.14411/eje.2018.051
10.5883/ds-aradtz	10.14411/eje.2018.051
10.5883/ds-asexoryz	10.3897/dez.63.8977
10.5883/ds-avirmp	10.14411/eje.2014.072
10.5883/ds-azb2022	10.54719/AMVZ5625
10.5883/ds-satcol21	10.11646/zootaxa.5081.2.1
10.5883/ds-syrphids	10.1002/ece3.72145
10.5883/ds-geans1	10.1038/s41597-025-05500-z
10.5883/ds-acromil	10.3853/j.2201-4349.74.2022.1822
10.5883/ds-achagua	10.11646/zootaxa.5352.4.7
10.5883/ds-acutiptw	10.2992/007.082.0201
10.5883/ds-argycan	10.57065/shilap.1057
10.5883/ds-batacan	10.57065/shilap.1094
10.5883/ds-2016aita	10.1080/11250003.2015.1114686
10.5883/ds-2nreel	10.3897/aiep.53.108838
10.5883/ds-28nhm	10.11646/zootaxa.3749.1.1
10.5883/ds-aeqins	10.1016/j.ympev.2018.11.013
10.5883/ds-achaea	10.2982/028.103.0102
10.5883/ds-aalarane	10.3897/nl.43.52581
10.5883/ds-alepia	10.1163/1876312x-bja10078
10.5883/ds-aglswa	10.11646/zootaxa.4609.2.1
10.5883/ds-agrofati	10.3897/nl.41.23090
10.5883/ds-ascyn1	10.4039/tce.2014.48
10.5883/ds-antsp18	10.3389/fevo.2019.00076
10.5883/ds-alloxyst	10.3897/asp.76.e31963
10.5883/ds-ambassis	10.1111/zsc.12640
10.5883/ds-amlv	10.1007/s10530-013-0506-z
10.5883/ds-anerlote	10.11646/zootaxa.5463.1.6
10.5883/ds-antiludw	10.3897/nl.44.63848
10.5883/ds-aptero	10.3390/insects12010084
10.5883/ds-archaneu	10.11646/zootaxa.5239.3.7
10.5883/ds-arcice	10.1111/maec.12826
10.5883/ds-aristosy	10.15560/18.5.1045
10.5883/ds-arrenuri	10.3390/d14040276
10.5883/ds-artedi	10.5670/oceanog.2015.64
10.5883/ds-asacghyp	10.3897/bdj.7.e29553
10.5883/ds-asacgsig	10.3897/jhr.68.30131
10.5883/ds-asalscr	10.1111/een.13447
10.5883/ds-ascalol	10.3897/bdj.6.e11223
10.5883/ds-aseupl	10.3897/zookeys.485.9124
10.5883/ds-ashou	10.11646/zootaxa.3858.1.1
10.5883/ds-asmicrsn	10.3897/dez.62.5276
10.5883/ds-asnilea	10.3897/bdj.5.e20123
10.5883/ds-aspras	10.3897/jhr.37.6748
10.5883/ds-aspromic	10.3897/jhr.50.8220
10.5883/ds-asrhy	10.3161/00034541anz2016.66.2.003
10.5883/ds-asteloth	10.3897/bdj.8.e47157
10.5883/ds-astrigon	10.3897/bdj.3.e6459
10.5883/ds-asuramya	10.3897/bdj.5.e9649
10.5883/ds-atham	10.1111/zsc.12731
10.5883/ds-atysl	10.1016/j.jcz.2018.05.004
10.5883/ds-austpu	10.11646/zootaxa.5293.3.1
10.5883/ds-aveschgz	10.21068/c2020.v21n01a09
10.5883/ds-banot	10.3897/dez.66.34711
10.5883/ds-bb2024	10.1111/jav.03293
10.5883/ds-bihpub	10.18195/issn.0313-122x.83.2013.253-285
10.5883/ds-bnbto	10.1371/journal.pone.0182283
10.5883/ds-bnnr	10.11646/zootaxa.3810.1.1
10.5883/ds-brunnea	10.3897/zookeys.899.38892
10.5883/ds-bryophae	10.5735/086.058.0106
10.5883/ds-bucros	10.11646/zootaxa.5100.1.8
10.5883/ds-bunops	10.11646/zootaxa.4300.4.7
10.5883/ds-calod	10.11646/zootaxa.5270.2.4
10.5883/ds-cangibelio	10.3391/bir.2024.13.2.15
10.5883/ds-carfiz	10.1186/1742-9994-7-26
10.5883/ds-carnidne	10.11646/zootaxa.5311.4.3
10.5883/ds-caryschl	10.3897/alpento.4.50703
10.5883/ds-cataclys	10.3897/nl.37.7681
10.5883/ds-catoital	10.3897/nl.43.52520
10.5883/ds-cechetra	10.11646/zootaxa.4450.1.1
10.5883/ds-ceropale	10.11646/zootaxa.5159.1.4
10.5883/ds-cheicauc	10.5852/ejt.2025.1023.3097
10.5883/ds-chice	10.3897/bdj.12.e136241
10.5883/ds-chitala	10.3354/esr01281
10.5883/ds-chryoste	10.15560/18.6.1237
10.5883/ds-cncglor	10.2317/jkes121219.1
10.5883/ds-coelosyn	10.3897/bdj.8.e54834
10.5883/ds-coeno1	10.1016/j.jcz.2020.06.006
10.5883/ds-colbr	10.1111/eva.12913
10.5883/ds-coleelea	10.11646/zootaxa.5481.4.4
10.5883/ds-colerica	10.11646/zootaxa.4111.2.6
10.5883/ds-colmerga	10.11646/zootaxa.4407.4.6
10.5883/ds-colsab	10.11646/zootaxa.4097.4.9
10.5883/ds-cotaster	10.11646/zootaxa.4179.1.11
10.5883/ds-cpturk	10.16970/ted.80849
10.5883/ds-crocu1	10.52707/1081-1710-46.1.65
10.5883/ds-cudong	10.11646/zootaxa.4227.1.2
10.5883/ds-cuimmpub	10.11646/zootaxa.3680.1.4
10.5883/ds-cukorpub	10.11646/zootaxa.3718.2.5
10.5883/ds-cunifos	10.3897/bdj.12.e128431
10.5883/ds-deeur398	10.3897/nl.47.122906
10.5883/ds-deromyrm	10.7717/peerj.10900
10.5883/ds-dh03	10.3897/zookeys.611.9058
10.5883/ds-dichmont	10.3897/alpento.5.67498
10.5883/ds-dinometa	10.11646/zootaxa.5397.4.2
10.5883/ds-diploijp	10.1016/j.ijpara.2015.07.001
10.5883/ds-dodia	10.11646/zootaxa.5458.1.2
10.5883/ds-eastna1	10.1098/rsbl.2009.0848
10.5883/ds-ectobarc	10.1163/18759866-08101001
10.5883/ds-elmrumil	10.3897/asp.80.e84013
10.5883/ds-emodotip	10.2992/007.082.0303
10.5883/ds-epinot	10.4289/0013-8797.120.4.675
10.5883/ds-eupcyp	10.3897/nl.47.114137
10.5883/ds-eupmiri	10.3406/bsef.2014.2569
10.5883/ds-ewnou	10.1016/j.soilbio.2015.10.009
10.5883/ds-fenest	10.35249/rche.49.4.23.01
10.5883/ds-fnwg	10.1007/s10531-018-1604-0
10.5883/ds-gb3ana	10.3897/jhr.97.131350
10.5883/ds-gb3helo	10.3897/bdj.12.e122523
10.5883/ds-gbchphae	10.3897/bdj.12.e120950
10.5883/ds-gbehou1	10.11646/zootaxa.3587.1.4
10.5883/ds-geleklim	10.11646/zootaxa.5369.3.4
10.5883/ds-gfoscdeu	10.1038/s41598-020-73739-0
10.5883/ds-gjazd	10.1080/14772000.2018.1470118
10.5883/ds-glyma	10.1371/journal.pone.0014280
10.5883/ds-nssfg	10.3897/BDJ.7.e36673
10.5883/ds-gpla	10.7717/peerj.4457
10.5883/ds-gracais	10.57065/shilap.1102
10.5883/ds-gtigbor	10.3391/bir.2019.8.4.14
10.5883/ds-gymnopan	10.1111/ivb.12442
10.5883/ds-h001	10.11646/zootaxa.4695.2.3
10.5883/ds-habls	10.1016/j.envint.2023.108368
10.5883/ds-hebena	10.11646/zootaxa.5339.4.1
10.5883/ds-helenigr	10.4314/met.v32i1.3
10.5883/ds-herp16s	10.1371/journal.pone.0154363
10.5883/ds-homona	10.1111/j.1471-8286.2007.01786.x
10.5883/ds-hydind	10.1080/01647954.2022.2130424
10.5883/ds-hym1	10.3897/alpento.3.29675
10.5883/ds-hym3	10.3897/alpento.7.112514
10.5883/ds-iahtp	10.3897/zookeys.1168.101334
10.5883/ds-ibieu	10.1007/s10526-022-10164-4
10.5883/ds-ibihy01	10.3897/bdj.12.e117172
10.5883/ds-ibilp09	10.57065/shilap.324
10.5883/ds-ibilp1	10.11646/zootaxa.4683.2.2
10.5883/ds-ibilp2	10.57065/shilap.769
10.5883/ds-ibilp3	10.57065/shilap.769
10.5883/ds-ibilp4	10.11646/zootaxa.4609.3.10
10.5883/ds-ibilp5	10.3897/nl.40.10938
10.5883/ds-ibilp6	10.11646/zootaxa.4221.5.7
10.5883/ds-ibilp7	10.3897/nl.43.50430
10.5883/ds-ibimp1	10.1080/01650424.2019.1571612
10.5883/ds-ibinr02	10.3897/zookeys.1054.64608
10.5883/ds-ibior01	10.3897/bdj.12.e118010
10.5883/ds-ibsmt	10.3897/bdj.6.e29927
10.5883/ds-inamp1	10.3390/plants11101375
10.5883/ds-inmeg211	10.11646/zootaxa.4980.1.6
10.5883/ds-inmeg212	10.11646/zootaxa.5040.3.3
10.5883/ds-inmeg241	10.11646/zootaxa.5476.1.18
10.5883/ds-islpe24	10.1038/s41597-025-05697-z
10.5883/ds-jp001	10.11646/zootaxa.4059.3.9
10.5883/ds-jsp1511	10.3897/zookeys.564.7535
10.5883/ds-karschio	10.11646/zootaxa.5375.2.3
10.5883/ds-lasol	10.11646/zootaxa.4273.4.4
10.5883/ds-lealsatt	10.11646/zootaxa.5128.3.8
10.5883/ds-lemegacr	10.3897/zookeys.800.26292
10.5883/ds-lemonvaz	10.37828/em.2022.57.8
10.5883/ds-lenigemi	10.11646/zootaxa.5239.3.7
10.5883/ds-limacina	10.1111/ivb.12442
10.5883/ds-linjp	10.11646/zootaxa.4948.4.3
10.5883/ds-ljap	10.1111/jen.13182
10.5883/ds-lstem	10.1038/s41598-019-42995-0
10.5883/ds-lyonledi	10.3897/alpento.5.76930
10.5883/ds-mabutpub	10.1111/1755-0998.12131
10.5883/ds-macrospn	10.24349/wc1d-p9la
10.5883/ds-maghk	10.11609/jott.o3507.5544-52
10.5883/ds-mammb	10.14411/eje.2011.071
10.5883/ds-mancspn	10.15298/rusjtheriol.17.1.02
10.5883/ds-mapltpub	10.1111/1755-0998.12089
10.5883/ds-mar23	10.3390/plants12071468
10.5883/ds-mcsab	10.1017/s0025315417000261
10.5883/ds-megapesl	10.3897/alpento.7.103981
10.5883/ds-melect	10.3897/jhr.97.129470
10.5883/ds-metzdavi	10.57065/shilap.141
10.5883/ds-micrsstr	10.23818/limn.38.18
10.5883/ds-morabia	10.11646/zootaxa.5134.2.3
10.5883/ds-mqiuk	10.3897/zookeys.832.32257
10.5883/ds-mqtbc	10.2987/21-6967
10.5883/ds-mrhmc	10.1002/ece3.5073
10.5883/ds-msqueret	10.3390/d15060697
10.5883/ds-mtisa	10.1017/s000748531800010x
10.5883/ds-mullat	10.1007/s12526-023-01381-w
10.5883/ds-namchir	10.3897/afrinvertebr.65.111920
10.5883/ds-neamicro	10.3897/bdj.2.e4153
10.5883/ds-neodolic	10.3897/zookeys.1237.141007
10.5883/ds-neont	10.1371/journal.pone.0037528
10.5883/ds-neonz	10.1371/journal.pone.0037528
10.5883/ds-neurotha	10.11646/zootaxa.5318.3.5
10.5883/ds-niveas	10.3897/zookeys.355.6158
10.5883/ds-nolinae1	10.11646/zootaxa.5169.2.3
10.5883/ds-notop	10.1016/j.gecco.2023.e02786
10.5883/ds-nychital	10.3897/nl.47.118416
10.5883/ds-nychsita	10.3897/nl.47.118416
10.5883/ds-nyos	10.1038/s41597-025-05536-1
10.5883/ds-nzskisto	10.3391/ai.2017.12.2.05
10.5883/ds-octava	10.1007/s10228-023-00913-5
10.5883/ds-olich	10.3897/bdj.7.e36252
10.5883/ds-pacif	10.18061/bssb.v2i2.8873
10.5883/ds-pampus21	10.3390/d13120618
10.5883/ds-paocrypt	10.3897/asp.72.e31897
10.5883/ds-parasi	10.1016/j.pedobi.2025.151038
10.5883/ds-parornix	10.11646/zootaxa.4948.1.8
10.5883/ds-pbormor	10.1016/j.protis.2018.10.001
10.5883/ds-pchuc	10.3897/zookeys.1081.63009
10.5883/ds-peleco	10.21248/contrib.entomol.71.2.321-343
10.5883/ds-pgcsw	10.3354/meps12496
10.5883/ds-phcen	10.4081/tz.2017.55
10.5883/ds-philgym	10.26757/pjsb2021a15007
10.5883/ds-phragmat	10.11646/zootaxa.5128.3.3
10.5883/ds-phyllphe	10.1653/024.096.0371
10.5883/ds-phyllpod	10.11646/zootaxa.4422.4.6
10.5883/ds-phytem	10.1016/j.ympev.2025.108298
10.5883/ds-piborace	10.1038/s41467-020-16181-0
10.5883/ds-pleuesp	10.57065/shilap.1024
10.5883/ds-plevar	10.11646/zootaxa.4624.3.12
10.5883/ds-plnwady	10.11646/zootaxa.4082.1.1
10.5883/ds-polychpt	10.3389/conf.fmars.2016.05.00132
10.5883/ds-ppsn	10.3897/nl.41.22423
10.5883/ds-problep	10.18476/insy.v01.a6
10.5883/ds-projlaga	10.11646/zootaxa.4629.2.11
10.5883/ds-psarus	10.1080/00379271.2015.1059735
10.5883/ds-psyaphbg	10.3390/insects15090683
10.5883/ds-psyfor	10.14411/eje.2016.014
10.5883/ds-pvso	10.1017/s0025315418000218
10.5883/ds-pyropt	10.11646/zootaxa.4972.1.1
10.5883/ds-rgws2eur	10.1080/09670262.2020.1753245
10.5883/ds-rhodindi	10.11646/zootaxa.5519.1.3
10.5883/ds-ribesi	10.11646/zootaxa.4034.1.5
10.5883/ds-rskysd	10.11646/zootaxa.4403.2.6
10.5883/ds-scipopus	10.5852/ejt.2023.904.2323
10.5883/ds-scopiran	10.11646/zootaxa.5359.1.1
10.5883/ds-scroukra	10.3897/nl.46.103595
10.5883/ds-semialba	10.11646/zootaxa.5091.1.2
10.5883/ds-serichla	10.3897/zookeys.1243.132809
10.5883/ds-sesims	10.11646/zootaxa.4032.4.7
10.5883/ds-sktatr01	10.1080/20442041.2017.1294361
10.5883/ds-sktatr02	10.1016/j.limno.2017.09.002
10.5883/ds-smprs	10.3897/mbmg.2.22467
10.5883/ds-spio	10.1007/s13127-020-00430-7
10.5883/ds-stellako	10.4039/tce.2024.31
10.5883/ds-strig	10.11646/zootaxa.5168.1.4
10.5883/ds-strineur	10.1093/zoolinnean/zlad070
10.5883/ds-subula	10.11646/zootaxa.4433.3.1
10.5883/ds-sudgra	10.11646/zootaxa.5529.1.1
10.5883/ds-sygeo	10.3897/zookeys.916.47824
10.5883/ds-synairan	10.11646/zootaxa.4232.4.6
10.5883/ds-tabsae	10.4001/003.029.0042
10.5883/ds-tachina	10.1093/aesa/saae018
10.5883/ds-tachini	10.1093/aesa/saae018
10.5883/ds-tcafc	10.1371/journal.pone.0054921
10.5883/ds-tf100221	10.1007/s00227-021-03887-y
10.5883/ds-tgbghm	10.1038/s41597-025-05833-9
10.5883/ds-thaipar	10.3390/f14101991
10.5883/ds-thaum	10.3897/asp.81.e102928
10.5883/ds-thyjob	10.1111/jbi.13959
10.5883/ds-tickuk	10.52004/2054930x-20251022
10.5883/ds-tlact	10.5324/cjcr.v0i31.2436
10.5883/ds-trempert	10.1016/j.funbio.2025.101563
10.5883/ds-trichotr	10.1007/s10750-015-2318-x
10.5883/ds-triplax	10.11646/zootaxa.5196.3.8
10.5883/ds-trosabla	10.21068/c2018.v19s1a09
10.5883/ds-umnfo01	10.11158/saa.24.12.9
10.5883/ds-uscam	10.4289/0013-8797.118.2.244
10.5883/ds-ustyu	10.1163/1876312x-00002209
10.5883/ds-vgds21	10.11646/zootaxa.5026.2.3
10.5883/ds-visma	10.11646/zootaxa.5030.1.1
10.5883/ds-wafra	10.1371/journal.pone.0187283
10.5883/ds-zamareti	10.11646/zootaxa.4894.3.1
10.5883/ds-zjls2018	10.1093/zoolinnean/zly043
10.5883/ds-zsmdbani	10.1111/cla.12074
10.5883/ds-amerila	10.14411/eje.2025.031
10.5883/ds-anacam19	10.21083/jeso.v151i1.5293
10.5883/ds-asspathi	10.3897/BDJ.3.e4597
10.5883/ds-bv2017ps	10.5281/zenodo.1068462
10.5883/ds-calneo	10.3897/zookeys.1268.173885
10.5883/ds-waneopom	10.5281/zenodo.1066344
10.5883/ds-vgds29	10.18476/2025.699503
10.5883/ds-vgds22	10.11646/zootaxa.5087.3.3
10.5883/ds-taitoadr	10.11646/zootaxa.4729.1.7
10.5883/ds-amblyhet	10.24272/j.issn.2095-8137.2020.068
10.5883/ds-androdes	10.1111/aen.12721
10.5883/ds-asacgart	10.1007/978-3-031-22848-3_10
10.5883/ds-asade	10.4039/tce.2014.82
10.5883/ds-asglyp	10.3897/zookeys.890.35786
10.5883/ds-cosmfem	10.3897/nl.42.33962
10.5883/ds-ctlmsi	10.1111/1365-2435.12906
10.5883/ds-dbgb	10.17582/journal.pjz/20240609200653
10.5883/ds-dbma	10.1101/2020.08.26.268896
10.5883/ds-dbmb	10.1101/2020.09.07.286823
10.5883/ds-depreits	10.6620/ZS.2025.64-49
10.5883/ds-depreits	10.22541/au.173399701.10663172/v1
10.5883/ds-doliwag	10.25221/fee.462.3
10.5883/ds-editt	10.11646/zootaxa.5570.1.8
10.5883/ds-edvinv	10.1016/j.ecohyd.2023.07.005
10.5883/ds-eucosib	10.11646/zootaxa.5583.1.11
10.5883/ds-euryale	10.3897/nl.45.68138
10.5883/ds-fatua	10.11646/ZOOTAXA.5636.2.9
10.5883/ds-filatima	10.57065/shilap.441
10.5883/ds-fleuria	10.3956/2017-93.4.218
10.5883/ds-gardteg	10.5852/ejt.2023.858.2041
10.5883/ds-gehman	10.1371/journal.pone.0335145
10.5883/ds-gmtpc	10.1111/1755-0998.13510
10.5883/ds-hostbeet	10.2139/ssrn.5151811
10.5883/ds-larcal	10.57065/shilap.697
10.5883/ds-mrcdbref	10.2982/0012-8317-97.2.135
10.5883/ds-paramyia	10.11646/ZOOTAXA.4732.1.1
10.5883/ds-phaselia	10.11646/zootaxa.5326.1.1
10.5883/ds-phpxyl	10.3391/bir.2024.13.3.05
10.5883/ds-pkpb01	10.1111/aen.12095
10.5883/ds-nclado1	10.1111/jpy.12510
10.5883/ds-nepcat	10.3897/zookeys.628.9799
10.5883/ds-owlns	10.4039/tce.2020.26
10.5883/ds-pepsypub	10.1093/isd/ixaf033
10.5883/ds-peter1	10.5281/zenodo.322675
10.5883/ds-pitchchl	10.7717/peerj.4491
10.5883/ds-ppuncti	10.22201/ib.20078706e.2021.92.3752
10.5883/ds-psdactis	10.57065/shilap.1111
10.5883/ds-pt401	10.13140/RG.2.2.18827.72489
10.5883/ds-yatorth	10.3897/jor.33.116137
10.5883/ds-xenimpia	10.11646/zootaxa.5677.1.1
10.5883/ds-ubpmf	10.14430/arctic4679
10.5883/ds-spinipeu	10.3897/nl.39.8382
10.5883/ds-rigout	10.11646/zootaxa.5150.2.4
10.5883/ds-revaya	10.11646/zootaxa.5369.2.2
10.5883/ds-repgr	10.3897/bdj.9.e67134
10.5883/ds-rbbcol	10.3897/BDJ.3.e6313
10.5883/ds-rbbdip	10.3897/BDJ.3.e6313
10.5883/ds-rbbhym	10.3897/BDJ.3.e6313
10.5883/ds-rbblep	10.3897/BDJ.3.e6313
10.5883/ds-rbbmisc	10.3897/BDJ.3.e6313
10.5883/ds-rbbspi	10.3897/BDJ.3.e6313
10.5883/ds-vgds004	10.14411/eje.2019.006
10.5883/ds-tgp3	10.1139/facets-2024-0151
10.5883/ds-stenogob	10.26028/cybium/2024-017